scientificName,imageCount,hasImages,gbifTaxonKeyOrReason
Catasetum × apolloi Benelli & Grade,2,True,2804016
Anathallis gerthatschbachii (Hoehne) Pridgeon & M.W.Chase,6,True,2783043
"Protambulyx astygonus Boisduval, 1875",20,True,1862543
Habenaria montis-wilhelminae Renz,14,True,2829460
"Adhemarius palmeri (Boisduval, 1875)",20,True,1863724
Citrus × limon (L.) Osbeck,20,True,7647136
"Xylophanes tyndarus (Boisduval, 1875)",20,True,1862207
Coccocypselum lymansmithii Standl.,20,True,2906883
Citrus × aurantium L.,20,True,8077391
Maxillaria violaceopunctata Rchb.f.,20,True,5319487
Bifrenaria aureofulva (Hook.) Lindl.,20,True,2796109
"Condylorrhiza vestigialis (Guenée, 1854)",20,True,1884923
"Xylophanes isaon (Boisduval, 1875)",20,True,1862178
Adiantum serratodentatum Willd.,20,True,7335571
Rhipsalis puniceodiscus G.Lindb.,20,True,7280684
"Acanthogonyleptes singularis (Mello-Leitão, 1935)",14,True,9596189
Pilosocereus catingicola (Gürke) Byles & G.D.Rowley,20,True,7284499
Pelargonium × hortorum L.H.Bailey,20,True,2891604
Ormosia fastigiata Tul.,20,True,5355610
Bunchosia pallescens Skottsb.,20,True,3983236
Passiflora gibertii N.E.Br.,20,True,7439989
Leptobalanus apetalus (E.Mey.) Sothers & Prance,20,True,10289996
Oryza latifolia Desv.,20,True,2703456
"Leptodon cayanensis (Latham, 1790)",20,True,5229197
"Noctuana diurna (Butler, 1870)",20,True,1949488
"Montina confusa (Stål, 1859)",20,True,9101732
Hirtella bahiensis Prance,20,True,2985219
Guatteria tomentosa Rusby,20,True,3155933
Justicia brasiliana Roth,20,True,3771127
"Issoca rezendei (Schirch, 1929)",20,True,6477221
Adiantum obliquum Willd.,20,True,2651838
"Brachymetra albinervis Freitas, Costa, Lopes, Lima, dos Santos, de Azevêdo & Franco, 2025",5,True,8484056
Calliandra spinosa Ducke,20,True,2982128
"Hemitriccus flammulatus Berlepsch, 1901",20,True,2482994
"Vitalia galipensis (Müll. Hal.) P.E.A.S.Câmara, Carv.-Silva & W.R. Buck",14,True,9394929
Erythroxylum ovalifolium Peyr.,20,True,3693938
"Stenocerus fulvitarsis (Germar, 1824)",20,True,1168088
"Columbina talpacoti (Temminck, 1810)",20,True,2495858
Kielmeyera coriacea Mart. & Zucc.,20,True,7330272
Lepidaploa canescens (Kunth) H.Rob.,20,True,3099738
Marcetia serratifolia R.B.Pacifico & Almeda,20,True,3231533
Merostachys burmanii Send.,20,True,5673853
"Myiobius atricaudus Lawrence, 1863",20,True,2483298
"Hyperchiria incisa Walker, 1855",20,True,1865711
Unonopsis sanctae-teresae Maas & Westra,17,True,3648488
Eryngium elegans Cham. & Schltdl.,20,True,6026543
Danaea leprieurii Kunze,20,True,5615619
Pecluma pectinata (L.) M.G.Price,20,True,2650508
Chromolaena revoluta (Gardner) R.M.King & H.Rob.,7,True,3087748
"Zelus leucogrammus (Perty, 1833)",20,True,8704416
"Castnia invaria Walker, 1854",20,True,8000293
Miconia centrodesma Naudin,20,True,3870706
Pleurophora anomala (A.St.-Hil.) Koehne,20,True,3988562
"Thalurania watertonii (Bourcier, 1847)",20,True,2476527
Barbacenia fulva Goethart & Henrard,20,True,2863788
"Naupactus navicularis Boheman, 1840",20,True,1210745
"Schwarziana quadripunctata (Lepeletier, 1836)",20,True,1345709
Lueckelia breviloba (Summerh. ex E.W.Cooper) Jenny,4,True,2796645
Bunchosia glandulifera (Jacq.) Kunth,20,True,3191336
Ulva fasciata Delile,20,True,5273413
Senecio brasiliensis (Spreng.) Less.,20,True,3107780
"Pomacea megastoma Sowerby, 1825",20,True,7974572
"Hypocnemis hypoxantha Sclater, 1869",20,True,5230842
"Feigeria herilia (Stoll, 1780)",20,True,10214972
"Oxystigma cyanofrons Williamson, 1919",20,True,5051709
"Naupactus dissimilis Hustache, 1947",20,True,7628329
"Gymnothorax funebris Ranzani, 1839",20,True,2403964
Iochroma arborescens (L.) J.M.H. Shaw,20,True,10209961
Glechon elliptica C.Pereira & Hatschb.,10,True,3891885
"Enchophora recurva (Olivier, 1791)",20,True,5157930
"Traumatomutilla indica (Linnaeus, 1758)",20,True,9456411
Myrcia retorta Cambess.,20,True,3174410
Jacquemontia cataractae Krapov.,13,True,7805832
Asplenium resiliens Kunze,20,True,2650631
"Brachygenys chrysargyrea (Günther, 1859)",20,True,2382527
"Contrafacia imma (Prittwitz, 1865)",20,True,9430902
"Samea multiplicalis (Guenée, 1854)",20,True,1883968
Eragrostis curvula (Schrad.) Nees,20,True,2705378
Philodendron missionum (Hauman) Hauman,20,True,2870884
"Physocyclus viridis (Mello-Leitão, 1940)",6,True,2150541
Ctenitis submarginalis (Langsd. & Fisch.) Ching,20,True,2650915
Passiflora araujoi Sacco,20,True,3588027
"Oxyrhopus occipitalis Wagler, 1824",20,True,2455042
"Camptopleura auxo (Möschler, 1879)",20,True,1945653
Tectaria incisa Cav.,20,True,5275167
Schwenckia americana Rooyen ex L.,20,True,7391817
"Cyclosoma (Monrosiacassis) strigata (Panzer, 1798)",6,True,6271862
"Conognatha (Pithiscus) insignis (Perty, 1830)",12,True,8602287
Comolia smithii Wurdack,20,True,3860121
Campylocentrum grisebachii Cogn.,20,True,2820889
Paepalanthus balansae Ruhland,20,True,5286922
Phoradendron caripense Eichler,20,True,4068933
"Strephonota strephon (Fabricius, 1775)",20,True,8799303
Serjania erecta Radlk.,20,True,5577632
Mouriri pauciflora Spruce ex Cogn.,20,True,5938538
Wunderlichia mirabilis Riedel ex Baker,20,True,3090114
"Morpheis xylotribus (Herrich-Schäffer, 1853)",20,True,5101374
"Turdus rufiventris Vieillot, 1818",20,True,2490718
Euphorbia milii Des Moul.,20,True,3067157
"Tolypeutes tricinctus (Linnaeus, 1758)",20,True,2440793
"Schistochlamys ruficapillus (Vieillot, 1817)",20,True,2488060
Psychotria leiocarpa Cham. & Schltdl.,20,True,2910821
Eragrostis cataclasta Nicora,20,True,4148905
"Pteroglossus bitorquatus Vigors, 1826",20,True,2478834
Miconia hyemalis A.St.-Hil. & Naudin,20,True,3864061
Pseudomerulius curtisii (Berk.) Redhead & Ginns,20,True,2540162
"Psorophora (Janthinosoma) discrucians (Walker, 1856)",20,True,1654695
Malaxis warmingii (Rchb.f.) Kuntze,12,True,2808161
Pseudima frutescens (Aubl.) Radlk.,20,True,3785662
"Micrurus tikuna Feitosa, Silva Junior, Pires, Zaher & Prudente, 2015",2,True,8585160
Elaeoluma schomburgkiana (Miq.) Baill.,20,True,2886355
Leandra fallacissima Markgr.,20,True,3864675
"Rhobonda gaurisana Walker, 1863",20,True,5123333
Leandra adenothrix Cogn.,20,True,3866922
Pera glabrata (Schott) Baill.,20,True,6045891
Himatanthus drasticus (Mart.) Plumel,20,True,3621592
Anemia marginata Mickel,6,True,7772081
Lytoneuron ornithopus (Mett. ex Hook. & Baker) Yesilyurt,20,True,8046518
Emmeorhiza umbellata (Spreng.) K.Schum.,20,True,2908065
"Megalopyge albicollis (Walker, 1855)",20,True,1751625
Acianthera limae (Porto & Brade) Pridgeon & M.W.Chase,20,True,2839726
"Cephalotes pallens (Klug, 1824)",20,True,5035990
Sida viarum A.St.-Hil.,20,True,7279669
Cissus spinosa Cambess.,20,True,4054992
Leandra debilis (Naudin) Cogn.,20,True,3865157
"Pheugopedius genibarbis (Swainson, 1838)",20,True,7341176
"Phacellodomus striaticollis (d'Orbigny & Lafresnaye, 1838)",20,True,2485123
"Nycticorax nycticorax (Linnaeus, 1758)",20,True,2480863
"Corydalus nubilus Erichson, 1848",18,True,1729965
Eltroplectris schlechteriana (Porto & Brade) Pabst,9,True,2790493
Myrcia pubiflora DC.,20,True,3174896
Catasetum denticulatum F.E.L.Miranda,8,True,2803934
Virola officinalis Warb.,20,True,3742969
Byrsonima stannardii W.R.Anderson,20,True,3984533
Ficus enormis Mart. ex Miq.,20,True,8213893
Eriotheca gracilipes (K.Schum.) A.Robyns,20,True,4073722
Pleroma macrochiton (Mart. ex DC.) Triana,20,True,5601406
"Hoodus pelopidas (Fabricius, 1793)",20,True,12252926
Anthurium lindmanianum Engl.,20,True,2872275
"Calidris fuscicollis (Vieillot, 1819)",20,True,2481756
"Aphis nerii Boyer de Fonscolombe, 1841",20,True,2072196
Orthophytum foliosum L.B.Sm.,20,True,2697606
Miconia inconspicua Miq.,20,True,3863615
"Corydalus hecate McLachlan, 1866",20,True,1729958
Campomanesia simulans M.L.Kawas.,20,True,3180896
"Melanopareia torquata Wied, 1831",20,True,2491015
Schlumbergera truncata (Haw.) Moran,20,True,5383983
Psychotria fluminensis Vell.,20,True,2921919
"Elaphria obscura (Schaus, 1906)",10,True,7416364
Campomanesia pubescens (Mart. ex DC.) O.Berg,20,True,3180981
Passiflora catharinensis Sacco,9,True,3588334
Prepusa viridiflora Brade,20,True,5595785
"Notharchus tectus (Boddaert, 1783)",20,True,2475098
Myrcia morroqueimadensis Kiaersk.,10,True,3175237
Enydra sessilis A.DC,20,True,5402445
"Pseudosphex aequalis (Walker, 1865)",20,True,9496013
Myrcia oleifolia Cambess.,20,True,3174855
Ertela bahiensis (Engl.) Kuntze,20,True,3832258
"Ancylometes bogotensis (Keyserling, 1877)",20,True,2152808
"Phoraspis brachytaenia Hebard, 1921",6,True,1994607
Chamaecrista kunthiana (Schltdl. & Cham.) H.S.Irwin & Barneby,20,True,2950689
"Desmosomus longipes Perty, 1832",20,True,1191658
"Siderus eliatha (Hewitson, 1867)",20,True,1927388
"Myrmotherula klagesi Todd, 1927",20,True,2490189
Ditassa burchellii Hook. & Arn.,20,True,7312598
Eugenia schottiana O.Berg,20,True,5416528
"Stictochilus tripunctatus Bergroth, 1918",20,True,4779071
"Ophioblennius trinitatis Miranda-Ribeiro, 1919",20,True,2395285
Anathallis fastigiata (Luer & Toscano) F.Barros & Barberena,0,False,7523572
"Isostenosmylus pulverulentus (Gerstäcker, 1894)",20,True,2109683
"Leiostracus perlucidus (Spix, 1827)",20,True,10416158
Cheilolejeunea discoidea (Lehm. & Lindenb.) Kachr. & R.M.Schust.,20,True,7386722
Paepalanthus itatiaiensis Ruhland,20,True,5286916
"Tyrannus melancholicus Vieillot, 1819",20,True,5229662
Litothamnus ellipticus R.M.King & H.Rob.,20,True,3098763
Pleroma scaberrimum Triana,20,True,5601324
Leandra therezopolitana Cogn.,11,True,3860967
Nicotiana longiflora Cav.,20,True,2928766
Hortia oreadica Groppo et al.,20,True,5594652
Miconia calvescens DC.,20,True,3188585
Caamembeca oxyphylla (DC.) J.F.B.Pastore,20,True,7868452
"Nectopsyche separata (Banks, 1920)",20,True,1435458
Galianthe cymosa (Cham.) E.L.Cabral & Bacigalupo,20,True,2902251
Opuntia dillenii (Ker Gawl.) Haw.,20,True,6378623
Exostyles venusta Schott,20,True,7626770
Sabicea brasiliensis Wernham,20,True,2900158
Aechmea setigera Mart. ex Schult. & Schult.f.,20,True,2697849
Paullinia cupana Kunth,20,True,3189949
"Sphiximorpha barbipes (Loew, 1853)",20,True,1544139
Stachytarpheta longispicata (Pohl) S.Atkins,20,True,8199376
Ruellia laxa (Nees) Lindau,20,True,5574143
Polybotrya pilosa Brade,20,True,4042024
"Phelypera schuppeli (Boheman, 1834)",20,True,5996769
Murraya paniculata (L.) Jack,20,True,5421335
"Boana calcaratus (Troschel, 1848)",20,True,10551481
Aiouea trinervis Meisn.,20,True,4183047
"Brachiacantha bahiensis Brèthes, 1925",20,True,1043541
"Eucereon ladas Schaus, 1892",20,True,1810328
"Deinopa nigricollis (Butler, 1879)",7,True,1794400
Amaryllis belladonna L.,20,True,5325855
"Dysdercus ruficollis (Linnaeus, 1764)",20,True,11545697
Prepusa alata Porto & Brade,11,True,5595806
"Paraphasma sooretama Chiquetto-Machado, 2022",20,True,12242994
"Drosophila (Sophophora) suzukii (Matsumura, 1931)",20,True,5073820
Cestrum nocturnum L.,20,True,2928791
"Jacamaralcyon tridactyla (Vieillot, 1817)",20,True,2475038
"Arocera (Euopta) spectabilis (Drury, 1782)",20,True,4782246
"Icterus pyrrhopterus (Vieillot, 1819)",20,True,7340265
Ctenitis distans (Brack.) Ching,20,True,4042190
Oxalis neuwiedii Zucc.,20,True,7318238
"Xenopygus bicolor (Laporte, 1835)",20,True,8461778
Portea alatisepala Philcox,20,True,2694462
Leandra vesiculosa Cogn.,20,True,3860627
"Nemaconia australis (Cogn.) van den Berg, Salazar & Soto-Arenas",8,True,2785114
"Arbacia lixula (Linnaeus, 1758)",20,True,2278772
"Melanerpes candidus (Otto, 1796)",20,True,2478144
Cyperus polystachyos Rottb.,20,True,2730407
Viola gracillima A.St.-Hil.,20,True,8356650
Lagenocarpus rigidus Nees,20,True,5292850
"Tynacantha marginata Dallas, 1851",20,True,9669540
"Salpa maxima Forsskål, 1775",20,True,5232504
Aptandra tubicina (Poepp.) Benth. ex Miers,20,True,3685770
"Pachygrapsus transversus (Gibbes, 1850)",20,True,2225816
"Mickelia scandens (Raddi) R.C.Moran, Labiak & Sundue",20,True,7613471
Cyperus haspan L.,20,True,2715828
"Prexaspes paulensis (Rehn, 1918)",20,True,11375806
"Trichodactylus fluviatilis Latreille, 1828",20,True,5178509
"Columbina picui (Temminck, 1813)",20,True,2495865
"Thestylus aurantiurus Yamaguti & Pinto-da-Rocha, 2003",3,True,7647393
Gibasis geniculata (Jacq.) Rohweder,20,True,2764872
Schlotheimia jamesonii (Arn.) Brid.,20,True,5281061
Pleroma pallidum (Cogn.) P.J.F.Guim. & Michelang.,20,True,10714040
"Laterallus exilis (Temminck, 1831)",20,True,2474589
"Myrmotherula assimilis Pelzeln, 1868",20,True,2490201
Passiflora hatschbachii Cervi,7,True,3588105
"Amphisbaena alba Linnaeus, 1758",20,True,2472999
Mimosa radula Benth.,20,True,2970240
"Scotussa impudica Giglio-Tos, 1894",20,True,5098790
"Limnoctites sulphuriferus (Burmeister, 1869)",20,True,11068544
"Chalcocopris hesperus (Olivier, 1789)",20,True,1087618
Ocotea odorifera (Vell.) Rohwer,20,True,4177566
"Calephelis aymaran McAlpine, 1971",20,True,1936335
Gaylussacia arassatubensis R.R.Silva & Cervi,5,True,4168422
Mouriri angustifolia Spruce ex Triana,20,True,5938521
Hemionitis rufa (L.) Sw.,20,True,3747936
Govenia utriculata (Sw.) Lindl.,20,True,2841042
"Polytomus marginatus (Kirby, 1819)",20,True,1
Pabstiella conspersa (Hoehne) Luer,1,True,2786330
"Bellactis ilkalyseae Dube, 1983",20,True,2257862
Paypayrola blanchetiana Tul.,20,True,4074382
"Scinax nebulosus (Spix, 1824)",20,True,5217869
"Isia intricata Walker, 1856",15,True,5115513
"Eulissus chalybaeus Mannerheim, 1830",20,True,4435879
Moquiniastrum blanchetianum (DC.) G. Sancho,20,True,8331985
"Proceratophrys phyllostomus Izecksohn, Cruz & Peixoto, 1999",0,False,2424307
"Heliconius ethilla (Godart, 1819)",20,True,1900632
"Edessa miniata Westwood, 1837",18,True,9369410
"Dryptocephala spinosa Mayr, 1864",14,True,4782552
"Myocastor coypus (Molina, 1782)",20,True,4264680
"Leucauge argyra (Walckenaer, 1841)",20,True,2151507
"Enos falerina (Hewitson, 1867)",18,True,9568552
"Schizolecis guntheri (Miranda-Ribeiro, 1918)",0,False,2339518
Myrcia florida Lem.,20,True,3175142
"Camponotus (Myrmocladoecus) bidens Mayr, 1870",20,True,5033977
"Mesomphalia latipennis Boheman, 1856",4,True,6274114
"Agelaia centralis (Cameron, 1907)",20,True,1310153
Solanum caatingae S. Knapp & Särkinen,20,True,10020142
"Toxorhynchites (Lynchiella) solstitialis (Lutz, 1904)",18,True,1649004
"Dyscophellus porcius (Felder & Felder, 1862)",20,True,1951260
"Touit melanonotus (Wied, 1820)",20,True,2480136
Eriochrysis holcoides (Nees) Kuhlm.,20,True,5676940
Pseudolycopodiella carnosa (Silveira) Holub,20,True,3990607
Inga pilosula (Rich.) J.F.Macbr.,20,True,5358111
"Panthiades aeolus (Fabricius, 1775)",20,True,1929044
Syngonium angustatum Schott,20,True,2867888
"Zabuella castanea (Prittwitz, 1865)",20,True,1936231
"Hylesia subcana (Walker, 1855)",2,True,1867170
"Aleuron carinata (Walker, 1856)",20,True,1863102
"Campylopterus calcirupicola Lopes, Vasconcelos & Gonzaga, 2017",20,True,9570901
"Agelasticus cyanopus (Vieillot, 1819)",20,True,2484199
Miconia regelii Cogn.,20,True,3869156
"Canistra (Canistrella) rubiginosa (Guérin-Méneville, 1844)",20,True,6271617
Vochysia haenkeana Mart.,20,True,7288369
"Justicia distichophylla F.A.Silva, A.Gil & Kameyama",20,True,10735373
Nephrolepis cordifolia (L.) C.Presl,20,True,2650930
"Asaphobelis physonychus Simon, 1902",20,True,2173588
Monteverdia glaucescens (Reissek) Biral,20,True,9712285
"Atlides cosa (Hewitson, 1867)",20,True,1923499
Pachyloma coriaceum DC.,20,True,3859361
Symphyopappus casarettoi B.L.Rob.,20,True,3142539
Rotala ramosior (L.) Koehne,20,True,7727923
Fissidens submarginatus Bruch,20,True,5283349
Psidium guyanense Pers.,20,True,5420620
"Chinavia ubica (Rolston, 1983)",12,True,9815905
Catasetum rooseveltianum Hoehne,4,True,2803930
"Parrhasius polibetes (Stoll, 1781)",10,True,11079759
Doryopteris sagittifolia (Raddi) J.Sm.,20,True,3750068
"Panca trogon Evans, 1955",18,True,11017601
Paspalum pectinatum Nees ex Trin.,20,True,7679157
"Eupalea reinhardti Crotch, 1874",20,True,4741488
"Aplastodiscus cochranae (Mertens, 1952)",8,True,2427342
"Clinolabus buquetii (Jekel, 1860)",20,True,1172357
"Stagmatoptera precaria (Linnaeus, 1758)",1,True,6930238
Eriochloa punctata (L.) Desv. ex Ham.,20,True,2702522
Myrcia hartwegiana (O.Berg) Kiaersk.,20,True,3174015
Trilepis microstachya (C.B.Clarke) H.Pfeiff.,20,True,2711871
Ilex microdonta Reissek,20,True,5533729
"Rhinella margaritifera (Laurenti, 1768)",20,True,5216969
"Microctenochira quadrata (De Geer, 1775)",20,True,6270978
Chaetogastra parviflora (Cogn.) P.J.F.Guim. & Michelang.,20,True,10814591
"Lychnuchus celsus (Fabricius, 1793)",20,True,5142358
Hibiscus bifurcatus Cav.,20,True,3152591
"Trogon rufus Gmelin, 1788",20,True,2496683
"Umbonia spinosa (Fabricius, 1775)",20,True,2024168
Anathallis pusilla (Barb.Rodr.) F.Barros,18,True,2782801
"Natada pucara (Dognin, 1893)",20,True,1753662
"Metallactus nigroornatus (Stål, 1857)",20,True,3260051
Chrysophyllum pubipetalum Sossai & Alves-Araújo,18,True,10147951
"Marmarina insculpta (Kirby, 1819)",20,True,7688133
"Yphthimoides renata (Stoll, 1780)",20,True,1915339
"Dalcerina tijucana (Schaus, 1892)",20,True,1758263
"Strongylium femorale Mäklin, 1864",0,False,sem_match_taxonomico
"Paracles fervida (Schaus, 1901)",1,True,5114829
Vassobia breviflora (Sendtn.) Hunz.,20,True,3801366
Asplenium angustum Sw.,20,True,7310786
Campomanesia grandiflora (Aubl.) Sagot,20,True,3181047
"Urbanus (Urbanoides) esmeraldus (Butler, 1877)",20,True,1944273
Machaerium hirtum (Vell.) Stellfeld,20,True,5354979
"Notiobiella cixiiformis (Gerstaecker, 1888)",2,True,2101462
Erythroxylum macrophyllum Cav.,20,True,7870294
"Rhinostomus barbirostris (Fabricius, 1775)",20,True,1170652
Dilkea johannesii Barb.Rodr.,20,True,3588212
Euglena ehrenbergii G.A.Klebs,20,True,7655170
Specklinia subpicta (Schltr.) F.Barros,15,True,2835785
"Jussara luteovariata (Mello-Leitão, 1932)",20,True,6909895
"Euryades corethrus (Boisduval, 1836)",20,True,5141258
Lantana salzmannii Schauer,20,True,7297173
Marlimorimia bahiana (G.P.Lewis & M.P.Lima) L.P.Queiroz & L.M.Borges,20,True,11607120
Vellozia canelinha Mello-Silva,20,True,2863690
Guettarda angelica Mart. ex Müll.Arg.,20,True,2894768
"Echinanthera cephalomaculata Di-Bernardo, 1994",20,True,2458775
Dioscorea galiiflora R.Knuth,20,True,2755093
"Symplegma rubra Monniot, 1972",20,True,2332248
Glechon thymoides Spreng.,20,True,3891702
"Cantorchilus leucotis (Lafresnaye, 1845)",20,True,7341038
Cladonia confusa R. Sant.,20,True,10986021
Brachypodium distachyon (L.) P.Beauv.,20,True,5290143
Anemia sertaneja Mickel & Labiak,1,True,8843464
Ornithopus sativus Brot.,20,True,5358266
"Lipaugus ater (Ferrusac, 1829)",20,True,10678315
Mendoncia pilosa Mart.,20,True,7730685
"Dasyprocta prymnolopha Wagler, 1831",20,True,2437580
"Polybia (Myrapetra) erythrothorax Richards, 1978",20,True,5032825
Oxypetalum capitatum Mart.,20,True,7486690
Tradescantia mundula Kunth,20,True,2765158
"Plagiometriona sahlbergi (Boheman, 1855)",1,True,5876247
"Plagiometriona punctatissima (Boheman, 1855)",0,False,6270872
Vernonanthura tweediana (Baker) H.Rob.,20,True,7913746
"Letis specularis Hübner, 1821",20,True,1788372
"Haliclona (Reniera) implexiformis (Hechtel, 1965)",20,True,5182121
Hellenia speciosa (J.Koenig) S.R.Dutta,20,True,7584507
"Cygnus atratus (Latham, 1790)",20,True,2498344
Amaioua intermedia Mart. ex Schult. & Schult.f.,20,True,2901131
Dichanthelium sciurotoides (Zuloaga & Morrone) Davidse,20,True,4133624
"Saltator grossus (Linnaeus, 1766)",20,True,5230955
Blechnum polypodioides Raddi,20,True,2651528
Guapira darwinii (Hemsl.) E.C.O.Chagas & Costa-Lima,20,True,10879415
"Pteroglossus aracari (Linnaeus, 1758)",20,True,2478828
"Necrobia rufipes (DEGEER, 1775)",20,True,11342266
"Clastoptera cimicoides Germar, 1839",20,True,2017382
"Hapigia cresus (Cramer, 1777)",20,True,1822704
Miconia urophylla DC.,20,True,3863417
Entada polyphylla Benth.,20,True,2976278
"Chrysodeixis includens (Walker, 1858)",20,True,1785168
Ipomoea imperati (Vahl) Griseb.,20,True,2928596
Austroeupatorium rosmarinaceum (Cabrera & Vittet) R.M.King & H.Rob.,14,True,3142447
"Deroptyus accipitrinus (Linnaeus, 1758)",20,True,2479535
Cybianthus brasiliensis (Mez) G.Agostini,20,True,3718852
"Micrurus decoratus (Jan, 1858)",20,True,5226994
Henriettea stellaris O.Berg ex Triana,20,True,3860536
"Riodina lysippus (Linnaeus, 1758)",20,True,1935343
Urbanodendron verrucosum (Nees) Mez,20,True,4181404
"Bothrops atrox (Linnaeus, 1758)",20,True,5220775
"Anthus chii Vieillot, 1818",20,True,10884972
Monteverdia erythroxylon (Reissek) Biral,20,True,9807614
"Uca (Uca) maracoani (Latreille, 1802)",20,True,2221550
"Pionopsitta pileata (Scopoli, 1769)",20,True,2479983
Rottboellia cochinchinensis (Lour.) Clayton,20,True,2704075
Richterago radiata (Vell.) Roque,20,True,3146167
Pleiochiton roseum Cogn.,20,True,3870705
Stevia cinerascens Sch.Bip. ex Baker,20,True,3125679
Adiantum petiolatum Desv.,20,True,2651824
"Littoraria flava (King, 1832)",20,True,5856809
Tillandsia paraibensis R.A. Pontes,8,True,8119242
"Scinax hayii (Barbour, 1909)",20,True,5217920
"Remartinia luteipennis (Burmeister, 1839)",20,True,1424931
"Steatoda diamantina (Levi, 1962)",20,True,2157200
Galeandra paraguayensis Cogn.,20,True,2821013
"Caeruleuptychia aegrota (Butler, 1867)",20,True,1892529
"Pachymerus nucleorum Fabricius, 1792",20,True,3260350
"Miathyria simplex (Rambur, 1842)",20,True,1427686
Capsicum baccatum L.,20,True,2932938
"Leucopternis kuhli Bonaparte, 1850",20,True,2480400
"Sylvicola annuliferus (Edwards, 1923)",3,True,5076352
Pabstiella colorata (Pabst) Luer & Toscano,4,True,7636750
Perama hirsuta Aubl.,20,True,2907355
"Psocathropos lachlani Ribaga, 1899",20,True,1031735
Chaetogastra macranthera (Miq.) F.S.Mey. & R.Goldenb.,20,True,7273204
"Maeota dichrura Simon, 1901",20,True,2175979
"Odontophorus gujanensis (Gmelin, 1789)",20,True,5228058
Euphorbia estevesii N.Zimm. & P.J.Braun,2,True,3064468
Luetzelburgia bahiensis Yakovlev,20,True,2947751
"Brachymesia furcata (Hagen, 1861)",20,True,1427976
Neoregelia farinosa (Ule) L.B.Sm.,20,True,2694140
Pabstiella matinhensis (Hoehne) Luer,20,True,2787345
"Lebia (Chelonodema) dorsalis Dejean, 1826",20,True,8288017
"Coprinopsis stercorea (Fr.) Redhead, Vilgalys & Moncalvo",20,True,5242717
Elaphoglossum plumosum (Fée) T.Moore,20,True,7288673
"Alpheus bouvieri Milne-Edwards, 1878",20,True,2226175
"Helicops angulatus (Linnaeus, 1758)",20,True,2457699
Guatteria maypurensis Kunth,20,True,3155737
Sesbania exasperata Kunth,20,True,2970700
Pouteria venosa (Mart.) Baehni,20,True,2884608
Hippeastrum stylosum Herb.,20,True,2854344
Morganella sulcatostoma C.R. Alves & Cortez,0,False,8327092
"Caelopygus melanocephalus Kollar, 1839",20,True,6904270
Pseuderanthemum carruthersii (Seem.) Guillaumin,20,True,3173133
Leandra alpestris (Gardner) Cogn.,14,True,3866875
"Hesperocharis erota (Lucas, 1852)",20,True,1920269
"Neivacoris microcephalus Lent & Wygodzinsky, 1947",1,True,9740609
"Juditha molpe (Hübner, 1808)",20,True,1935296
Peperomia tetraphylla (G.Forst.) Hook. & Arn.,20,True,3086448
Callicarpa nudiflora Hook. & Arn.,20,True,5609427
Paspalum regnellii Mez,20,True,4154741
Galeandra devoniana M.R.Schomb. ex Lindl.,20,True,2820990
"Adelpha plesaure Hübner, 1823",20,True,9274887
"Hirundinea ferruginea (Gmelin, 1788)",20,True,2483242
Fimbristylis aestivalis (Retz.) Vahl,20,True,2708266
Peltogyne angustiflora Ducke,20,True,2952701
Lepidaploa aurea (Mart. ex DC.) H.Rob.,20,True,3099867
"Hyperaspis conclusa Weise, 1906",0,False,sem_match_taxonomico
"Ramphocaenus melanurus Vieillot, 1819",20,True,9393917
Stizophyllum inaequilaterum Bureau & K.Schum.,20,True,4091727
Eugenia neosilvestris Sobral,20,True,5417770
Eustachys petraea (Sw.) Desv.,20,True,5289825
Morus nigra L.,20,True,5361888
Mikania ternata (Vell.) B.L.Rob.,20,True,5398714
Azolla microphylla Kaulf.,20,True,4196478
Passovia pyrifolia (Kunth) Tiegh.,20,True,7687446
Nidularium longiflorum Ule,20,True,2697686
Glandularia selloi (Spreng.) Tronc.,20,True,5667434
"Pionites melanocephalus (Linnaeus, 1758)",20,True,2479437
Justicia polita (Nees) Profice,20,True,3771515
Oeceoclades maculata (Lindl.) Lindl.,20,True,2840119
Hemerocallis fulva (L.) L.,20,True,2781074
Stigmatopteris caudata (Raddi) C.Chr.,20,True,4042469
Senna undulata (Benth.) H.S.Irwin & Barneby,20,True,2957590
Viola × wittrockiana Gams,20,True,5331389
Spigelia tetraptera Taub. ex L.B.Sm.,20,True,8237270
Mimosa rufescens Benth.,20,True,2969630
"Petasodes dominicana (Burmeister, 1838)",20,True,5150501
"Eciton burchellii (Westwood, 1842)",20,True,1319394
Stropharia coronilla (Bull.) Quél.,20,True,9128521
Passiflora miniata Vanderpl.,20,True,3587076
"Bubulcus ibis (Linnaeus, 1758)",20,True,2480830
"Sysinas pallidipes Stål, 1860",8,True,8228659
Myrcia deflexa (Poir.) DC.,20,True,3173921
"Astropecten brasiliensis Müller & Troschel, 1842",20,True,5186529
Luehea rufescens A.St.-Hil.,20,True,7607165
Paepalanthus planifolius (Bong.) Körn.,20,True,5287005
Calea marginata S.F.Blake,20,True,3147454
Annona pickelii (Diels) H.Rainer,20,True,5541606
Serpocaulon levigatum (Cav.) A.R.Sm.,20,True,4023945
"Proceratophrys melanopogon (Miranda-Ribeiro, 1926)",20,True,2424305
Chamaecrista mucronata (Spreng.) H.S.Irwin & Barneby,20,True,2949860
Dyckia horrida (L.B.Sm.) Forzza,1,True,12358516
"Rineloricaria nigricauda (Regan, 1904)",3,True,2339125
"Phaegoptera granifera Schaus, 1892",10,True,1814968
"Aplysia dactylomela Rang, 1828",20,True,5191262
Euphorbia potentilloides Boiss.,20,True,3063862
Clerodendrum quadriloculare (Blanco) Merr.,20,True,3890217
Eleocharis endounifascis Hinchliff & Roalson,20,True,6311814
"Myiothlypis rivularis (Wied, 1821)",20,True,7341654
Unxia camphorata L.f.,20,True,5391610
Abuta selloana Eichler,20,True,3830159
Dioscorea stegelmanniana R.Knuth,20,True,2755614
Miconia amoena Triana,20,True,3860472
Mimosa lanuginosa Glaz. ex Burkart,20,True,2970056
"Barreirana barreirana (Riester, 1938)",20,True,8962907
"Talides sergestus (Cramer, 1775)",20,True,1945419
Leandra carassana (DC.) Cogn.,20,True,3866102
Rhynchospora pubera (Vahl) Boeckeler,20,True,2721237
Baccharis semiserrata DC.,20,True,3129964
Philodendron minarum Engl.,20,True,2870902
Hyptis atrorubens Poit.,20,True,2926821
Agrianthus luetzelburgii Mattf.,20,True,7481956
"Corallus caninus (Linnaeus, 1758)",20,True,2464991
"Aubergina vanessoides (Prittwitz, 1865)",20,True,9874880
"Rhynchonycteris naso (Wied-Neuwied, 1820)",20,True,2433095
Humiriastrum mussunungense Cuatrec.,20,True,3649189
"Obama applanata (Graff, 1899)",20,True,9109351
Cupania ludowigii Somner & Ferrucci,20,True,3785212
"Hemitriccus furcatus (Lafresnaye, 1846)",20,True,2483014
Ichnanthus inconstans (Trin. ex Nees) Döll,20,True,4107560
Mimosa thomista Barneby,16,True,3795669
Olyra fasciculata Trin.,20,True,5679040
"Xanthophaeina levis Druce, 1899",19,True,1813212
"Tricladia prytanes (Schaus, 1892)",0,False,sem_match_taxonomico
"Idalus citrina Druce, 1890",20,True,1814718
Uebelmannia pectinifera Buining,20,True,7281591
Besleria discreta G.E.Ferreira,2,True,10678031
"Zonitoides arboreus (Say, 1817)",20,True,2295425
Angelonia goyazensis Benth.,20,True,3742081
Ossaea cabraliensis (Wurdack) D´El Rei Souza,20,True,9532510
Camarea ericoides A.St.-Hil.,20,True,3983866
Lonicera japonica Thumb.,1,True,11036281
"Exaerete frontalis (Guérin-Méneville, 1844)",20,True,1339678
Aphelandra sinclairiana Nees,20,True,3776906
"Cyphomyia leucocephala Wiedemann, 1819",20,True,1580039
"Tangara brasiliensis (Linnaeus, 1766)",20,True,8134525
Nidularium mangaratibense Leme,4,True,2697692
Octomeria decumbens Cogn.,20,True,2816988
"Conognatha (Conognatha) pretiosissima Chevrolat, 1838",4,True,9318692
Sorghastrum minarum (Nees) Hitchc.,20,True,4108855
Ludovia lancifolia Brongn.,20,True,5327019
"Boana multifasciatus (Günther, 1859)",20,True,9888761
Melpomene xiphopteroides (Liebm.) A.R.Sm. & R.C.Moran,20,True,5566940
"Eupsittula cactorum (Kuhl, 1820)",20,True,8073811
"Procornitermes araujoi Emerson, 1952",12,True,9665857
Passiflora balbis Feuillet,20,True,3587487
"Hypostomus punctatus Valenciennes, 1840",20,True,5202194
"Epictia borapeliotes (Vanzolini, 1996)",20,True,7524230
Eugenia macrobracteolata Mattos,20,True,5416612
Mikania guilleminii B.L.Rob.,20,True,5398889
Aristida longiseta Steud.,20,True,4125843
Calyptrocarya poeppigiana Kunth,20,True,2730059
Freesia refracta (Jacq.) Klatt,20,True,2747084
"Olceclostera jairana Orlandin & Piovesan, 2023",20,True,1868532
Heliotropium elongatum (Lehm.) I.M.Johnst.,20,True,7773141
"Adelpha lycorias (Godart, [1824])",20,True,5882407
Octoblepharum erectifolium Mitt. ex Williams,20,True,2674627
Baccharis conyzoides (Less.) DC.,20,True,3129361
Gomesa ciliata (Lindl.) M.W.Chase & N.H.Williams,20,True,5826433
Myrcia reticulosa Miq.,20,True,3174554
"Trizogeniates cribricollis (Lucas, 1859)",1,True,5987969
"Dibernardia bilineata (Fischer, 1885)",0,False,sem_match_taxonomico
"Pipra aureola (Linnaeus, 1758)",20,True,2487634
Chamaecrista urophyllidia (H.S.Irwin & Barneby) H.S.Irwin & Barneby,20,True,2950563
Martiodendron excelsum (Benth.) Gleason,20,True,2948711
Microgramma reptans (Cav.) A.R.Sm.,20,True,2650542
"Anthus hellmayri Hartert, 1909",20,True,2490280
Philyra brasiliensis Klotzsch,20,True,5378799
Elephantopus mollis Kunth,20,True,5395928
Lessingianthus rubricaulis (Humb. & Bonpl.) H.Rob.,20,True,3125184
Cucumis sativus L.,20,True,2874569
Aiouea hatschbachii (Vattimo-Gil) R.Rohde,19,True,9649815
"Merianthera parvifolia R.Goldenb., Fraga & A.P.Fontana",8,True,7819801
"Marmosa (Marmosa) murina (Linnaeus, 1758)",20,True,2439873
Euphorbia comosa Vell.,20,True,3070302
Barbacenia glabra Goethart & Henrard,20,True,2863867
Justicia aurea Schltdl.,20,True,8410331
Callisia repens (Jacq.) L.,20,True,5303420
Didymoglossum angustifrons Fée,20,True,3607892
"Antaeotricha renselariana (Stoll, 1781)",20,True,1838422
"Cyclodontina tudiculata (Martens, 1868)",9,True,10842533
"Xenopholis scalaris (Wucherer, 1861)",20,True,5223756
Sida jussiaeana DC.,20,True,5618387
Triumfetta bogotensis DC.,20,True,3152065
"Culicivora caudacuta (Vieillot, 1818)",20,True,2482675
Pinus rigida Mill.,20,True,5285635
Lomariopsis nigropaleata Holttum,20,True,7897311
Acianthera fenestrata (Barb.Rodr.) Pridgeon & M.W.Chase,16,True,2839637
Asplenium oligophyllum Kaulf.,20,True,8100554
"Asbolomma brevipenne Beier, 1962",16,True,1692218
Myrcia dichrophylla D.Legrand,20,True,3174889
"Sympterygia acuta Garman, 1877",20,True,2419972
Faramea atlantica J.G.Jardim & Zappi,11,True,3848574
"Chordeiles minor (Forster, 1771)",20,True,2497035
"Claremontiella nodulosa (Adams, 1845)",20,True,10332897
Leptobalanus octandrus (Hoffmanns. ex Roem. & Schult.) Sothers & Prance,20,True,10148673
"Gonodonta nutrix (Stoll, 1780)",19,True,1770037
"Dysschema eurocilia (Cramer, 1777)",20,True,5117424
"Phoenicagrion flammeum (Selys, 1876)",20,True,1422585
Solanum uncinellum Lindl.,20,True,2932359
Coleus amboinicus Lour.,20,True,5341313
Machaerium leucopterum Vogel,20,True,5354959
Terminalia acuminata (Allemão) Eichler,20,True,9810717
Daphnopsis fasciculata (Meisn.) Nevling,20,True,3568025
Piparea multiflora C. F. Gaertn.,20,True,3878690
"Anthomyia punctipennis Wiedemann, 1830",20,True,1573424
Bostrychia radicans (Mont.) Mont.,20,True,5278128
"Timochares trifasciata (Hewitson, 1868)",20,True,1944769
Bauhinia holophylla (Bong.) Steud.,20,True,2953547
Epidendrum tridactylum Lindl.,20,True,5320577
Eucalyptus tereticornis Sm.,20,True,3176719
"Xylocopa (Neoxylocopa) hirsutissima Maidl, 1912",20,True,1342466
"Hylesia obtusa Dognin, 1923",20,True,1867064
Schoenoplectus tabernaemontani (C.C.Gmel.) Palla,20,True,2711157
"Apoica (Apoica) gelida Van der Vecht, 1972",20,True,1310490
Anemia eximia Taub.,20,True,8122208
"Leptoglossus cinctus (Herrich-Schäffer, 1836)",20,True,5732976
Cordia superba Cham.,20,True,7294715
"Ephoria marginalis (Walker, 1856)",20,True,797
Megalastrum organense R.C.Moran et al.,20,True,8020961
Oxalis geralensis Knuth,20,True,3627794
"Steatoda ancorata (Holmberg, 1876)",20,True,2157223
Byttneria catalpifolia Jacq.,20,True,7441533
Amorimia maritima (A.Juss.) W.R.Anderson,20,True,3985968
Trixis antimenorrhoea (Schrank) Kuntze,20,True,8166799
Bulbostylis truncata (Nees) M.T.Strong,20,True,5292389
Lastreopsis amplissima (C.Presl) Tindale,20,True,4045609
Strophopappus speciosus (Less.) R.Esteves,20,True,3123759
Leandra cordifolia (Naudin) Cogn.,20,True,3865504
Amphiroa rigida J.V.Lamour.,20,True,5276551
Chlorophyllum hortense (Murrill) Vellinga,20,True,5955393
Inga sertulifera DC.,20,True,5357619
"Perola chica Jones, 1912",16,True,1752028
"Blepolenis catharinae (Stichel, 1902)",10,True,7665068
Myrceugenia gertii Landrum,20,True,3185734
"Telemiades avitus (Stoll, 1781)",20,True,1947954
Henriettea saldanhae Cogn.,13,True,9125812
Thaumatocaryon tetraquetrum (Cham.) I.M.Johnst.,20,True,4066739
Microlicia ordinata (Wurdack) Almeda & A.B.Martins,20,True,3860299
Ruellia simplex C.Wright,20,True,5572994
"Aetalion reticulatum (Linnaeus, 1758)",20,True,9597237
Paullinia seminuda Radlk.,20,True,3787694
"Crinodes huebneri Schintlmeister, 2019",20,True,1824174
"Heilipodus naevulus (Mannerheim, 1836)",17,True,9314095
"Gymnoderus foetidus (Linnaeus, 1758)",20,True,2486232
"Bothriurus vachoni San Martin, 1968",11,True,6894537
"Tetramorium caldarium (Roger, 1857)",20,True,1323493
Passiflora actinia Hook.,20,True,3586769
"Ocaria ocrisia (Hewitson, 1868)",20,True,1932576
Senegalia grandistipula (Benth.) Seigler & Ebinger,20,True,3796120
Mimosa taimbensis Burkart,20,True,2969460
Cissus erosa Rich.,20,True,3039162
Melinis minutiflora P.Beauv.,20,True,2702503
Stizophyllum perforatum (Cham.) Miers,20,True,7298376
"Anastrepha fraterculus (Wiedemann, 1830)",20,True,1625168
"Phoneutria fera Perty, 1833",20,True,5170399
"Oxyrhopus trigeminus Duméril, Bibron & Duméril, 1854",20,True,2455043
"Conirostrum margaritae (Holt, 1931)",20,True,5230625
"Eumastusia koebelei (Rehn, 1909)",15,True,1703347
"Xanthacrona bipustulata Wulp, 1899",20,True,1522773
Campomanesia anemonea Landrum,10,True,3180897
Croton sellowii Baill.,20,True,3058937
"Myrmorchilus strigilatus (Wied, 1831)",20,True,2490026
"Bothrops pubescens (Cope, 1870)",20,True,7855440
Neoregelia nivea Leme,0,False,2694232
"Phobetron hipparchia (Cramer, 1777)",20,True,1752109
Trechispora thelephora (Lév.) Ryvarden,20,True,2523008
"Coendou insidiosus (Olfers, 1818)",20,True,9882808
"Ectatomma muticum Mayr, 1870",20,True,1314143
Dryadella lilliputiana (Cogn.) Luer,20,True,2825683
"Taygetis virgilia (Cramer, 1776)",20,True,1908199
"Epilachna clandestina Mulsant, 1850",20,True,1043619
Luxemburgia ciliosa (Mart.) Gardner,20,True,3695427
Dolichandra unguiculata (Vell.) L.G.Lohmann,20,True,8041897
Lobelia cliffortiana L.,20,True,5408958
Mussaenda erythrophylla Schumach & Thonn.,20,True,2892634
Erythroxylum deciduum A.St.-Hil.,20,True,7284845
"Isotes digna (Gahan, 1891)",20,True,4734510
Voyria spruceana Benth.,20,True,3843456
Pallavicinia lyellii (Hook.) S.F. Gray,20,True,8147090
Peperomia glazioui C.DC.,20,True,7304889
Attalea oleifera Barb.Rodr.,20,True,2732669
Xyris blanchetiana Malme,20,True,2693043
"Trichiurus lepturus Linnaeus, 1758",20,True,2389407
"Neoancistrotus guapimirim (Soares & Soares, 1946)",19,True,6903620
"Lottia subrugosa (d'Orbigny, 1841)",20,True,6521230
"Danaus gilippus (Cramer, 1775)",20,True,5714299
"Onophas columbaria (Herrich-Schäffer, 1870)",20,True,1947021
Bauhinia ovata (Bong.) Vogel,20,True,2953003
Aniba burchellii Kosterm.,20,True,4181687
"Polistes (Aphanilopterus) simillimus Zikán, 1948",20,True,1310865
Eugenia bahiensis DC.,20,True,5417321
Ormopteris riedelii (Baker) T.Barbará,20,True,7666183
Kelissa brasiliensis (Baker) Ravenna,11,True,2744074
"Cariniana parvifolia S.A.Mori, Prance & Menandro",20,True,3083018
Dorstenia arifolia Lam.,20,True,7262742
"Isia alcumena Berg, 1882",20,True,5115512
Desmodium axillare (Sw.) DC.,20,True,2967365
Sacoglottis mattogrossensis Malme,20,True,7320169
"Parapoynx stagnalis (Zeller, 1852)",20,True,1884449
"Isognathus australis Clark, 1917",20,True,5123778
Eugenia florida DC.,20,True,5417919
"Anatya guttata (Erichson in Schomburgk, 1848)",20,True,1427875
"Agroiconota stupidula (Boheman, 1855)",17,True,6271524
Psychotria subspathacea Müll.Arg.,20,True,2923749
"Microcerculus marginatus (Sclater, 1855)",20,True,2493836
Trigonia microcarpa Sagot,20,True,9485267
Ocotea nutans (Nees) Mez,20,True,4177758
"Anabacerthia lichtensteini (Cabanis & Heine, 1859)",20,True,7870692
"Actinote mamita (Burmeister, 1861)",20,True,1901012
Rhynchanthera dichotoma (Desr.) DC.,20,True,3862131
"Furnarius figulus (Lichtenstein, 1823)",20,True,2485827
Myrcia glomerata (Cambess.) G.P.Burton & E.Lucas,20,True,11082271
Croton ceanothifolius Baill.,20,True,3058264
Aniba firmula (Nees & Mart.) Mez,20,True,3034089
Bulbostylis paradoxa (Spreng.) Lindm.,20,True,5292296
Microlicia lutea Markgr.,20,True,3860715
"Heterodactylus imbricatus Spix, 1825",20,True,5222272
Maxillaria bradei Schltr. ex Hoehne,20,True,5318243
"Norape nigrovenosa (Druce, 1906)",20,True,1751661
Cambessedesia semidecandra A.St.-Hil. ex A.B.Martins,20,True,3859227
"Elachisme mundula (Stål, 1859)",17,True,4390485
Pavonia macrostyla Gürke,20,True,7279394
Aulonemia radiata (Rupr.) McClure & L.B.Sm.,20,True,4106280
"Piezosternum thunbergi Stål, 1860",20,True,7794723
Deianira nervosa Cham. & Schltdl.,20,True,7270590
Octomeria truncicola Barb.Rodr.,5,True,2817092
Eugenia inundata DC.,20,True,5417465
Elaphoglossum alpestre (Gardner) T. Moore,20,True,4011465
Eugenia aurata O.Berg,20,True,5417708
Byrsonima alvimii W.R.Anderson,20,True,3982790
Drosera communis A.St.-Hil.,20,True,3191024
Pombalia calceolaria (L.) Paula-Souza,20,True,8042869
"Todirostrum chrysocrotaphum Strickland, 1850",20,True,2483262
"Euthynnus alletteratus (Rafinesque, 1810)",20,True,5208565
"Runibia discoidea (Fabricius, 1787)",11,True,9696215
Salvia scabrida Pohl,20,True,3888300
Anathallis piratiningana (Hoehne) F.Barros,3,True,2783021
"Ptiloglossa pretiosa (Friese, 1898)",0,False,1349323
"Coptocycla (Coptocycla) stigma (Germar, 1824)",20,True,6276195
"Milax gagates (Draparnaud, 1801)",20,True,2297108
Ceiba glaziovii (Kuntze) K.Schum.,20,True,7813916
Galinsoga quadriradiata Ruiz & Pav.,20,True,8298495
"Norape puella Walker, 1855",3,True,1751691
"Dichotomius (Homocanthonides) smaragdinus (Perty, 1830)",11,True,1093113
Chaetium festucoides Nees,20,True,4112476
"Eueides lybia (Fabricius, 1775)",20,True,5131626
"Geranospiza caerulescens (Vieillot, 1817)",20,True,2480435
Monteverdia littoralis (R.M. Carvalho-Okano) Biral,20,True,9691360
Chomelia spinosa Jacq.,20,True,5337321
Pabstiella uniflora (Lindl.) Luer,20,True,2835419
"Dendropsophus decipiens (Lutz, 1925)",20,True,2428512
"Janthecla flosculus (Druce, 1907)",20,True,4709083
Cenchrus americanus (L.) Morrone,20,True,5828197
"Viola violella (Mabille, 1898)",20,True,5141915
"Knipolegus franciscanus Snethlage, 1928",20,True,5789093
Xyris rigida Kunth,20,True,2692713
Senega equisetoides (A.St.-Hil. & Moq.) J.F.B.Pastore,10,True,12328321
"Trogon ramonianus Deville & DesMurs, 1849",20,True,7340140
"Psiloptera olivieri Saunders, 1870",20,True,9420580
"Acanthoscurria gomesiana (Mello-Leitão, 1923)",20,True,2153802
Erythroxylum tenue Plowman,20,True,3693998
Cypella crenata (Vell.) Ravenna,20,True,2745927
Asplenium depauperatum Fée,20,True,4257844
Ormopteris crenata (R.M.Tryon) T.Barbará,20,True,8333081
"Omophoita sericella (Bechyně, 1955)",20,True,1048577
"Cresera annulata Schaus, 1894",20,True,1811393
"Proarna insignis Distant, 1881",20,True,8382537
"Hylesia metapyrrha (Walker, 1855)",20,True,1867124
"Misumenops callinurus (Mello-Leitão, 1929)",20,True,2166923
Chamaecrista flexuosa (L.) Greene,20,True,2950652
"Coprophanaeus (Megaphanaeus) lancifer (Linnaeus, 1767)",20,True,1086392
Aspilia itabaianensis J.U.Santos,3,True,5696118
Elodea canadensis Michx.,20,True,2865448
Jacquemontia ferruginea Choisy,20,True,7633287
Davallia fejeensis Hook.,20,True,4204670
"Scolesa totoma (Schaus, 1900)",20,True,1867325
Pabstiella seriata (Lindl.) Luer & Toscano,20,True,8272094
Diplotropis incexis Rizzini & A.Mattos,20,True,5355622
"Brevoortia aurea (Spix & Agassiz, 1829)",20,True,5214543
Turnera cearensis Urb.,20,True,4161113
Merostachys kleinii Send.,7,True,5675036
Acanthocoleus aberrans (Lindenb. & Gottsche) Kruijt,20,True,2688850
Dyckia luxor (L.B.Sm. & Read) Forzza,0,False,12336661
Besleria grandifolia Schott,20,True,3817965
"Myiozetetes cayanensis (Linnaeus, 1766)",20,True,2482921
Austroblechnum lehmannii (Hieron.) Gasper & V.A.O. Dittrich,20,True,8898569
Piper klotzschianum (Kunth) C.DC.,20,True,4191278
Yucca gloriosa L.,20,True,2775619
"Eurybia franciscana Felder & Felder, 1862",13,True,5140669
Tillandsia bulbosa Hook.f.,20,True,2695645
"Fulica armillata Vieillot, 1817",20,True,2474382
Miconia racemosa (Aubl.) DC.,20,True,3188564
"Coptopola cincticrus Stål, 1869",20,True,2065107
Lacistema robustum Schnizl.,20,True,3075387
"Pseudodirphia eumedidoides (Vuillot, 1892)",20,True,10658692
Bulbophyllum glutinosum (Barb.Rodr.) Cogn.,14,True,2843701
Leucoloma triforme (Mitt.) A.Jaeger,20,True,5282240
"Zeta argillaceum (Linnaeus, 1758)",20,True,5036624
Psittacanthus plagiophyllus Eichler,20,True,4003285
Rodriguezia lanceolata Ruiz & Pav.,20,True,5313640
"Charidotella (Charidotella) sexpunctata (Fabricius, 1781)",20,True,1047598
Peperomia serpens (Sw.) Loudon,20,True,3086421
"Cavia magna Ximenez, 1980",16,True,5219703
Leandra echinata Cogn.,20,True,3864854
"Gymnotus pantherinus (Steindachner, 1908)",6,True,5212794
"Catacantha ferruginea (Draudt, 1929)",20,True,1868076
"Laterallus jamaicensis (Gmelin, 1789)",20,True,2474590
Clidemia octona (Bonpl.) L.O.Williams,20,True,3863267
"Anthurium brigadeiroense Nadruz, Hammes & Temponi",10,True,10835831
Renealmia petasites Gagnep.,20,True,5302642
"Aeschnosoma forcipula Hagen in Selys, 1871",20,True,1429733
"Partamona helleri (Friese, 1900)",20,True,1339721
"Mazaeras francki Schaus, 1896",14,True,1815399
"Nyctibius leucopterus (Wied, 1821)",20,True,2496814
"Lepidocolaptes fatimalimae Rodrigues, Aleixo, Whittaker & Naka, 2013",20,True,7701207
Pavonia aurigloba Krapov. & Cristóbal,20,True,5619303
Weissia controversa Hedw.,20,True,5280927
"Dolichoderus lutosus (Smith, 1858)",20,True,5034924
"Lygophis anomalus (Günther, 1858)",20,True,7719333
Comanthera imbricata (Körn.) L.R.Parra & Giul.,20,True,6312026
"Ixobrychus involucris (Vieillot, 1823)",20,True,2480851
"Cyanophrys herodotus (Fabricius, 1793)",20,True,4300369
"Chiridota rotifera (Portualès, 1951)",20,True,2279466
"Catonephele acontius (Linnaeus, 1771)",20,True,1896756
"Cyphoedma transvolutata (Walker, 1860)",20,True,1986882
"Camponotus (Myrmothrix) cingulatus Mayr, 1862",20,True,5034147
"Quentalia vittata (Walker, 1855)",18,True,1868224
"Phyllomedusa vaillantii Boulenger, 1882",20,True,2427968
Palicourea radians (Müll.Arg.) Standl.,20,True,2899020
Mimosa guilandinae (DC.) Barneby,20,True,2969409
Megalastrum inaequale (Kaulf. ex Link) A.R.Sm. & R.C.Moran,20,True,4044765
Palicourea longipedunculata Gardner,20,True,2923568
Pradosia restingae Terra-Araujo,19,True,7574205
Senna rugosa (G.Don) H.S.Irwin & Barneby,20,True,2957831
"Ipidecla crepundia (Druce, 1909)",20,True,9191839
Licania littoralis Warm.,20,True,2985375
Ruellia hapalotricha Lindau,20,True,5574412
Inonotus rickii (Pat.) D.A. Reid,20,True,2521224
"Epeiroides bahiensis Keyserling, 1885",20,True,2160503
Myrosma cannifolia L.f.,20,True,2761003
Lantana fucata Lindl.,20,True,2925328
"Stegastes fuscus (Cuvier, 1830)",20,True,2398866
"Pteroplegma jacobiana Metcalf, 1946",14,True,2053082
"Dermatobia hominis (Linnaeus, 1781)",20,True,1587436
"Syntermes praecellens Silvestri, 1946",20,True,9714994
Cyrtopodium gigas (Vell.) Hoehne,20,True,5319669
"Cyrtonota cyanea (Linnaeus, 1758)",18,True,6271583
Heliconia richardiana Miq.,20,True,2760714
"Baniana centrata Dognin, 1912",8,True,1789007
"Cerodirphia speciosa (Cramer, 1777)",20,True,1866892
"Vriesea mimosoensis D.R.Couto, Kessous & A.F.Costa",0,False,10886428
Lippia hermannioides Cham.,20,True,4083819
"Chiriquia turgida (Bolívar, 1887)",0,False,8156542
"Coelotanypus tibialis Edwards & Lenz, 1939",19,True,1447821
Peperomia macrostachyos (Vahl) A.Dietr.,20,True,7787466
"Amphisbaena vermicularis Wagler, 1824",20,True,2472932
Eugenia repanda O.Berg,20,True,5416508
Alternanthera tenella Colla,20,True,3084968
"Traumatomutilla gemella (André, 1906)",17,True,10803691
Cochleanthes flabelliformis (Sw.) R.E.Schult. & Garay,20,True,2791305
"Mimoncopeltus tijucanus Carvalho, 1987",3,True,7616398
Amanita muscaria (L.) Lam.,20,True,8168319
Baccharis aliena (Spreng.) Joch.Müll.,20,True,3089214
"Numenius phaeopus (Linnaeus, 1758)",20,True,2481784
"Chaetura meridionalis Hellmayr, 1907",20,True,5228629
Vismia pentagyna (Spreng.) Ewan,20,True,3713672
Conchocarpus silvestris (Nees & Mart.) Kallunki & Pirani,20,True,3835129
Microstachys ditassoides (Didr.) Esser,20,True,3074845
"Talima postica Walker, 1855",20,True,5105297
Pilocarpus pennatifolius Lem.,20,True,7269513
"Phareas coeleste Westwood, 1852",20,True,1945901
"Rasahus hamatus (Fabricius, 1781)",20,True,2008630
Bauhinia tenella Benth.,20,True,2953154
Sporobolus virginicus (L.) Kunth,20,True,2704745
Erisma calcaratum (Link) Warm.,20,True,5650960
Sagittaria planitiana G.Agostini,20,True,5329024
Microlicia juniperina A.St.-Hil.,20,True,3860875
Piper carautensei E.F.Guim. & M.Carvalho-Silva,20,True,8117210
"Demolis albitegula (Rothschild, 1935)",5,True,1806609
"Eleoscytalopus indigoticus (Wied, 1831)",20,True,5789069
"Disonycha argentinensis Jacoby, 1901",20,True,1047297
Nymphaea nouchali Burm.f.,20,True,7326947
"Thaumatophyllum brasiliense (Engl.) Sakur., Calazans & Mayo",20,True,9731469
Paspalum gardnerianum Nees,20,True,4110601
"Hermesilla fulgidicollis (Lefèvre, 1877)",7,True,4762066
Zygopetalum maxillare Lodd.,20,True,2837026
Griffinia espiritensis Ravenna,20,True,5325953
"Theridion biezankoi (Levi, 1963)",20,True,2156778
"Pelecinobaccha alicia (Curran, 1941)",0,False,7509667
Hypochaeris albiflora (Kuntze) Azevêdo-Gonç. & Matzenb.,20,True,3093899
"Notophyson heliconides (Swainson, 1833)",20,True,1808823
Vriesea incurvata Gaudich.,20,True,5289200
Oxalis cordata A.St.-Hil.,20,True,3628094
Commiphora leptophloeos (Mart.) J.B.Gillett,20,True,3992461
"Oleria aquata (Weymer, 1875)",20,True,1902366
"Xenodon neuwiedii Günther, 1863",20,True,5959593
Oxalis debilis Kunth,20,True,2891707
Cyperus rotundus L.,20,True,2714818
"Ziegleria hesperitis (Butler & Druce, 1872)",20,True,9469139
"Leptodactylus latinasus Jiménez de la Espada, 1875",20,True,5217578
"Diptilon bivittata (Walker, 1865)",15,True,1816593
Bryum orthodontioides Müll.Hal.,20,True,8946081
Lippia balansae Briq.,20,True,4086041
Bulbophyllum napellii Lindl.,20,True,2844341
Arachniodes macrostegia (Hook.) R.M.Tryon & D.S.Conant,20,True,4040000
Miconia truncata Triana,20,True,3863707
Lippia origanoides Kunth,20,True,7297353
"Trachinotus goodei Jordan & Evermann, 1896",20,True,5210682
Dyssochroma atlanticum (Stehmann & Giacomin) A. Orejuela & C.I. Orozco,11,True,9341099
"Parcella amarynthina (Felder & Felder, 1865)",20,True,1934715
"Cyanocorax cayanus (Linnaeus, 1766)",20,True,2482571
Ardisia elliptica Thunb.,20,True,5414375
"Hydrops martii (Wagler, 1824)",20,True,7977911
"Campephilus robustus (Lichtenstein, 1818)",20,True,2478568
Barleria repens Nees,20,True,3771015
Croton pedicellatus Kunth,20,True,3059766
Leandra microphylla Cogn.,20,True,3863208
Aechmea rubens (L.B.Sm.) L.B.Sm.,20,True,2698630
Croton sapiifolius Müll.Arg.,17,True,3057916
"Umbrina coroides Cuvier, 1830",20,True,2399667
"Amphisbaena darwini Duméril & Bibron, 1839",20,True,2472952
"Osteocephalus oophagus Jungfer & Schiesari, 1995",20,True,2427632
Cladonia pityrophylla Nyl.,20,True,3390868
"Ellipticus (Ellipticus) testaceus (Fabricius, 1775)",20,True,4719602
Elleanthus linifolius C.Presl,20,True,2839199
Adiantum pentadactylon Langsd. & Fisch.,20,True,3750228
Eugenia neotristis Sobral,4,True,5417736
"Danaus erippus (Cramer, 1775)",20,True,5881400
Coccoloba cordata Cham.,20,True,7291285
Hyptis obtecta Benth.,20,True,3902160
Nerium oleander L.,20,True,3169756
Pachystroma longifolium (Nees) I.M.Johnst.,20,True,5379804
Rhipsalis triangularis Werderm.,20,True,3944867
Casearia decandra Jacq.,20,True,5331147
Hillia parasitica Jacq.,20,True,5340010
"Algete brunneri Bolívar, 1905",20,True,1728136
Siphocampylus umbellatus (Kunth) G.Don,20,True,3168771
Hypochaeris radicata L.,20,True,3093702
Vriesea fenestralis Linden & André,20,True,5289306
Catasetum discolor (Lindl.) Lindl.,20,True,2804070
Sargassum vulgare C.Agardh,20,True,3197125
Eugenia uruguayensis Cambess.,20,True,5416332
Manihot pohlii Wawra,20,True,3060787
Myrceugenia oxysepala (Burret) D.Legrand & Kausel,20,True,3185761
"Tabanus unimacula Kröber, 1934",1,True,1496389
Senna cana (Nees & Mart.) H.S.Irwin & Barneby,20,True,2957880
Dyckia braunii Rauh,20,True,2699741
"Poecilotriccus latirostris (Pelzeln, 1868)",20,True,2483871
"Griburius arcuatus (Suffrian, 1866)",20,True,1047790
Guatteria punctata (Aubl.) R.A.Howard,20,True,3155772
Cuphea sperguloides A.St.-Hil.,20,True,3989111
"Tangara callophrys (Cabanis, 1849)",20,True,2488113
"Eubergia argyrea (Weymer, 1908)",20,True,1864808
Cladophoropsis membranacea (Bang ex C.Agardh) Børgesen,20,True,2644890
Fridericia leucopogon (Cham.) L.G.Lohmann,20,True,7384423
Baccharis erioclada DC.,20,True,3129770
Fridericia speciosa Mart.,20,True,5668574
Dodonaea viscosa Jacq.,20,True,5421144
"Podiceps occipitalis Garnot, 1826",20,True,2482063
"Aulacizes quadripunctata (Germar, 1821)",20,True,2028918
"Descampsacris serrulatum (Thunberg, 1824)",20,True,1715423
Cryptolophocolea martiana (Nees) L.Soderstr. et al.,20,True,9381806
Luziola spruceana Benth. ex Döll,20,True,4125447
"Cycloglypha enega (Möschler, 1877)",20,True,1948529
"Choloepus didactylus (Linnaeus, 1758)",20,True,5219519
"Cregya duodecimpunctata (KLUG, 1842)",20,True,4716494
"Exoplectra miniata (Germar, 1824)",20,True,1043179
Melpomene melanosticta (Kunze) A.R.Sm. & R.C.Moran,20,True,5567004
Averrhoidium dalyi Acev.-Rodr. & Ferrucci,20,True,3788272
"Attila phoenicurus Pelzeln, 1868",20,True,2483623
"Heraclides thoas (Linnaeus, 1771)",20,True,9464249
Waltheria brachypetala Turcz.,20,True,7736583
Ocotea venulosa (Nees) Baitello,13,True,4180989
Emmotum nitens (Benth.) Miers,20,True,7314425
Coccoloba alnifolia Casar.,20,True,4034065
Ficus carica L.,20,True,5361909
"Lystronychus pulchellus Saunders, 1836",20,True,4723949
Myrceugenia alpigena (DC.) Landrum,20,True,3185795
Peperomia pellucida (L.) Kunth,20,True,3086412
"Eubulus triangularis (Boheman, 1837)",16,True,1227767
Strychnos pseudoquina A.St.-Hil.,20,True,7289399
Cattleya tigrina A.Rich.,20,True,2801082
"Parablennius marmoreus (Poey, 1876)",20,True,2395741
"Cranioleuca semicinerea (Reichenbach, 1853)",20,True,2485326
"Scada karschina (Herbst, 1792)",20,True,11426388
Panicum millegrana Poir.,20,True,4134658
Bertolonia cuspidata Bacci & Amorim,5,True,10824566
Chrysophyllum sanguinolentum (Pierre) Baehni,20,True,2885779
"Brontostoma rubrovenosum (Stål, 1860)",20,True,8739921
"Urbanus (Urbanoides) esta Evans, 1952",20,True,1944330
Casearia espiritosantensis R. Marquete & Mansano,5,True,8346080
"Phoneutria reidyi (Cambridge, 1897)",20,True,5170396
Picramnia parvifolia Engl.,20,True,3708701
Manilkara triflora (Allemão) Monach.,20,True,2885089
Graffenrieda gracilis (Triana) Gleason,5,True,7408184
"Cubaris murina Brandt, 1833",20,True,5175817
"Ocrepeira hirsuta (Mello-Leitão, 1942)",7,True,2160850
Cuscuta serrata Yunck.,20,True,3682014
"Sarota gyas (Cramer, 1775)",20,True,9627106
"Euschistus (Lycipta) triangulator (Herrich-Schäffer, 1842)",16,True,10740376
Rudgea axilliflora Bruniera & Torres-Leite,4,True,9417339
Esenbeckia pilocarpoides Kunth,20,True,7269624
Asterostigma tweedianum Schott,17,True,2866794
Chamaecrista glaucofilix (H.S.Irwin & Barneby) H.S.Irwin & Barneby,20,True,2950179
Adelobotrys spruceana Cogn.,20,True,3860481
"Panthiades phaleros (Linnaeus, 1767)",20,True,9607611
"Brentus anchorago Linnaeus, 1758",20,True,1171647
Anthurium lhotzkyanum Schott,20,True,2872588
Xylopia frutescens Aubl.,20,True,3157107
Leandra fallax (Cham.) Cogn.,20,True,3864657
Guapira heterophylla (Choisy) E.C.O.Chagas & Costa-Lima,20,True,10762725
Tripterodendron filicifolium Radlk.,20,True,3786081
"Pachythone (Pachythone) pasicles Hewitson, 1873",7,True,1935008
Faramea axilliflora DC.,20,True,2897924
"Synapturanus salseri Pyburn, 1975",1,True,2421598
Lejeunea pterigonia (Lehm. & Lindenb.) Mont.,20,True,9354559
Miconia roraimensis Ule,20,True,3868547
Symphyogyna podophylla (Thunb.) Mont. & Nees,20,True,8183615
"Caerois chorinaeus (Fabricius, 1775)",20,True,1911931
"Dynamine tithia (Hübner, 1823)",20,True,1909155
Taralea oppositifolia Aubl.,20,True,2952855
"Sclerurus scansor (Ménétriès, 1835)",20,True,2485236
"Pygoda polita (Lepeletier & Serville, 1825)",20,True,10149888
"Aramides cajaneus (Statius Muller, 1776)",20,True,2474659
Hypenia salzmannii (Benth.) Harley,20,True,3883818
Ficus panurensis Standl.,20,True,5569997
"Phryxus caicus Cramer, 1777",20,True,5123615
Vochysia rotundifolia Mart.,20,True,4030625
Schizachyrium hatschbachii Peichoto,20,True,4124893
Passiflora pallida L.,20,True,8435196
"Citheronia phoronea (Cramer, 1779)",20,True,1865557
"Eucometis penicillata (Spix, 1825)",20,True,2488524
Platyphora pastica,1,True,1545682
"Pygochelidon cyanoleuca (Vieillot, 1817)",20,True,2489207
"Ophiothela mirabilis Verrill, 1867",20,True,2276030
Philodendron spiritus-sancti G.S.Bunting,20,True,2870790
"Pythonides lerina (Hewitson, 1868)",20,True,1948872
"Chloroceryle amazona (Latham, 1790)",20,True,2475482
"Dysdercus albofasciatus Berg, 1878",20,True,10607425
Ceratopteris pteridoides (Hook.) Hieron.,20,True,2651590
Banisteriopsis anisandra (A.Juss.) B.Gates,20,True,3985762
"Digamacris amoenus (Stål, 1878)",20,True,1707040
"Dolecta macrochir (Schaus, 1892)",19,True,1730731
Sinningia douglasii (Lindl.) Chautems,20,True,3818203
Chrysophyllum lucentifolium Cronquist,20,True,2885688
Lomariopsis japurensis (Mart.) J.Sm.,20,True,4011797
"Cyrpoptus obscurus (Fabricius, 1803)",19,True,2065293
"Dioprosopa clavata (Fabricius, 1794)",20,True,9944668
Comanthera ruprechtiana (Körn.) L.R.Parra & Giul.,9,True,6312054
Pouteria andarahiensis T.D.Penn.,20,True,2884786
"Chloroceryle aenea (Pallas, 1764)",20,True,2475483
"Amazona farinosa (Boddaert, 1783)",20,True,2479606
Adenocalymma cauliflorum L.H. Fonseca & L.G.Lohmann,17,True,9781470
"Procnias averano (Hermann, 1783)",20,True,2486400
"Megasoma (Megasoma) typhon (Olivier, 1789)",20,True,10752258
Lonchocarpus sericeus (Poir.) Kunth ex DC.,20,True,2969156
"Cicciana latreillei (Distant, 1908)",20,True,2029369
"Mesonauta festivus (Heckel, 1840)",20,True,2369921
Rhynchanthera grandiflora (Aubl.) DC.,20,True,3862015
Peperomia acuminata Ruiz & Pav.,20,True,8375307
"Microthyris alvinalis (Guenée, 1854)",14,True,5126747
"Paramisia rufistigma (Walker, 1851)",20,True,2053532
Bulbostylis lombardii Kral & M.T.Strong,13,True,5292500
Ruehssia macrophylla (Humb. & Bonpl. ex Schult.) H.Karst.,20,True,3571692
Acianthera miqueliana (H.Focke) Pridgeon & M.W.Chase,20,True,2839916
Flaviporus brownei (Humb.) Donk,20,True,5954717
"Liotyphlops schubarti Vanzolini, 1948",5,True,2460796
Meriania calophylla (Cham.) Triana,20,True,5599889
Stevia satureiifolia (Lam.) Sch.Bip. ex Klotzsch,3,True,9174404
Geastrum saccatum Fr.,20,True,2554333
"Mirinaba unidentata (Sowerby, 1825)",14,True,10843053
Serpocaulon menisciifolium (Langsd. & Fisch.) A.R.Sm.,20,True,8252802
Chamaecrista auris-zerdae (H.S.Irwin & Barneby) H.S.Irwin & Barneby,20,True,2949782
Lepidaploa remotiflora (Rich.) H.Rob.,20,True,3125182
"Hybobathus phaeopterus (Schiner, 1868)",20,True,9391725
"Neoponera bucki (Borgmeier, 1927)",20,True,4674010
"Hogna gumia (Petrunkevitch, 1911)",20,True,2146714
Mimosa arenosa (Willd.) Poir.,20,True,2969922
Phacus curvicauda Swirenko,0,False,8169345
"Forpus modestus (Cabanis, 1848)",20,True,2479060
Eugenia macrantha O.Berg,20,True,5416647
Alsidium triquetrum (S.G. Gmelin) Trevisan,20,True,7692312
Acioa longipendula (Pilg.) Sothers & Prance,20,True,9517391
Lavoisiera imbricata (Thunb.) DC.,20,True,3867806
"Maxantonia stabilis Nast, 1979",14,True,5984168
Philodendron meridionale Buturi & Sakur.,20,True,8422618
"Lyssomanes remotus G. W. Peckham & E. G. Peckham, 1896",20,True,2168041
Araucaria heterophylla (Salisb.) Franco,20,True,2684969
Alcantarea trepida Versieux & Wand.,20,True,7489809
"Alouatta belzebul (Linnaeus, 1766)",20,True,2436655
Fridericia tynanthoides (A.H.Gentry) L.G.Lohmann,17,True,8116884
Cordia insignis Cham.,20,True,7295313
"Aithorape roseicornis (Dognin, 1899)",20,True,1751758
Acianthera pubescens (Lindl.) Pridgeon & M.W.Chase,20,True,2839728
"Heteroponera robusta Kempf, 1962",4,True,1327176
Paullinia uloptera Radlk.,20,True,3787085
Phymatidium microphyllum (Barb.Rodr.) Toscano,8,True,2806994
"Pseudopolybia compressa (Saussure, 1854)",20,True,5032935
Asterostigma reticulatum E.G.Gonç.,2,True,2866796
"Aeneolamia flavilatera (Urich, 1914)",20,True,2019693
Pabstiella yauaperyensis (Barb.Rodr.) F.Barros,18,True,2832146
Campylosiphon purpurascens Benth.,20,True,2756534
"Platyrinchus platyrhynchos (Gmelin, 1788)",20,True,5229575
"Diabrotica amoena (Dalman, 1823)",20,True,9479612
Anemopaegma album Mart. ex DC.,20,True,7298658
Cecropia palmata Willd.,20,True,4013360
Myrsine lineata (Mez) Imkhan.,20,True,3721062
Paepalanthus catharinae Ruhland,20,True,5286983
Sinningia mauroana Chautems,20,True,3817637
Passiflora garckei Mast.,20,True,3586859
"Vertica verticalis (Plötz, 1882)",20,True,1949480
Duranta vestita Cham.,20,True,7297701
"Pilherodius pileatus (Boddaert, 1783)",20,True,2480816
Marsilea ancylopoda A.Braun,20,True,5274872
"Moneuptychia castrensis (Schaus, 1902)",20,True,1892534
Esenbeckia hieronymi Engl.,20,True,5593013
Adenocalymma peregrinum (Miers) L.G.Lohmann,20,True,7961545
Annona montana Macfad.,20,True,5407165
Forsteronia glabrescens Müll.Arg.,20,True,3617908
"Aplysina fulva (Pallas, 1766)",20,True,2239310
Distimake aturensis (Kunth) A.R. Simões & Staples,20,True,9602723
Epidendrum cinnabarinum Salzm.,20,True,7603287
"Natada cochuba Schaus, 1900",20,True,1753690
Panicum olyroides Kunth,20,True,4132050
Parasenegalia santosii (G.P. Lewis) Seigler & Ebinger,7,True,9790648
Microlicia ramosa Pilg.,20,True,3860016
Dyckia densiflora Schult. & Schult.f.,11,True,2699706
"Hastula cinerea (Born, 1778)",20,True,5193091
Potamogeton polygonus Cham. & Schltdl.,20,True,5642267
"Trichopoda (Galactomyia) pictipennis Bigot, 1876",20,True,5059806
"Leptodactylus fuscus (Schneider, 1799)",20,True,5217556
"Falco peregrinus Tunstall, 1771",20,True,2481047
Ichnanthus lancifolius Mez,20,True,4107471
Pleopeltis bombycina (Maxon) A.R.Sm.,20,True,4024136
Leretia cordata Vell.,20,True,3597442
Allophylus petiolulatus Radlk.,20,True,7264825
Cordia hatschbachii J.S.Mill.,20,True,5662005
Evolvulus cordatus Moric.,20,True,3678351
Miconia suberosa Meirelles & R.Goldenb.,5,True,8224819
Evolvulus imbricatus Mart. ex Colla,20,True,3677360
"Marpesia themistocles (Fabricius, 1793)",20,True,5133615
Meriania urceolata Triana,20,True,5599556
Aristolochia hilariana Duch.,3,True,3588824
Pithecellobium diversifolium Benth.,20,True,2962750
Aechmea fulgens Brongn.,20,True,2698412
"Machaeropterus pyrocephalus (Sclater, 1852)",20,True,2487755
"Micrathena digitata Koch, 1839",20,True,2159537
"Megabalanus coccopoma (Darwin, 1854)",20,True,5166489
Myrcia aurea NicLugh.,17,True,6306308
Tectona grandis L.f.,20,True,2925649
Lomaridium acutum (Desv.) Gasper & V.A.O. Dittrich,20,True,8928356
Eugenia bunchosiifolia Nied.,20,True,5417117
"Navarcostes biezankoi Moser & Thiaucourt, 2006",20,True,1827476
Microtea maypurensis (Kunth) G.Don,20,True,7309635
"Monca telata (Herrich-Schäffer, 1869)",20,True,1944240
Guatteria sellowiana Schltdl.,20,True,3155630
Manilkara bella Monach.,20,True,2885252
"Saltator aurantiirostris Vieillot, 1817",20,True,5230903
Tetrapollinia caerulescens (Aubl.) Maguire & B.M.Boom,20,True,3838959
Citrus medica L.,20,True,3190157
Chusquea oxylepis (Hack.) Ekman,20,True,4131933
Campyloneurum crispum Fée,20,True,4024853
"Arctocephalus australis (Zimmermann, 1783)",20,True,2433480
"Ateles paniscus (Linnaeus, 1758)",20,True,2436645
Dioclea guianensis Benth.,20,True,5359611
Baccharis trimera (Less.) DC.,20,True,3129265
"Arthrosaura reticulata (O'Shaughnessy, 1881)",20,True,8342068
Senna gloriosa (H.S.Irwin & Barneby) A.Lima & V.F.Mansano,20,True,2956904
Cybianthus quelchii (N.E.Br.) G.Agostini,20,True,3722035
Curitiba prismatica (D.Legrand) Salywon & Landrum,20,True,5420750
Anthurium loefgrenii Engl.,20,True,2873310
Burmannia flava Mart.,20,True,5301004
Canistropsis billbergioides (Schult. & Schult.f.) Leme,20,True,2697668
"Galerita (Galerita) collaris Dejean, 1826",20,True,7897887
"Parides tros (Fabricius, 1793)",20,True,1937135
"Euphractus sexcinctus (Linnaeus, 1758)",20,True,2440799
Solanum stipulatum Vell.,20,True,2930690
Passiflora subrotunda Mast.,20,True,3587978
"Theclopsis lydus (Hübner, 1819)",20,True,9437273
Matourea ocymoides (Cham. & Schltdl.) Colletta & V.C.Souza,20,True,10950634
Axonopus brasiliensis (Spreng.) Kuhlm.,20,True,4147550
"Cheilolejeunea filiformis (Sw.) W. Ye, R.L. Zhu & Gradst.",20,True,8802697
Gaylussacia chamissonis Meisn.,20,True,4168174
"Vulsirea violacea (Fabricius, 1803)",20,True,2078984
"Ministrymon arthuri Bálint, Johnson & Austin, 1999",20,True,1928213
"Autochton (Autochton) neis (Geyer, 1832)",20,True,1947980
"Boana cinerascens (Spix, 1824)",20,True,10039315
"Olceclostera irrorata Butler, 1878",20,True,1868533
"Christiana restingae T.S. Cout., Barb.Silva & Dorr",20,True,4260335
Virola surinamensis (Rol. ex Rottb.) Warb.,20,True,3152848
"Hermeuptychia gisella (Hayward, 1957)",12,True,10133681
Chusquea capitata Nees,20,True,4135070
"Cebrenis supina Brailovsky, 1995",4,True,7637273
Ficus elliotiana S.Moore,15,True,5572015
Piper chimonanthifolium Kunth,20,True,4184220
"Pipra filicauda Spix, 1825",20,True,2487626
"Caayguara cupepemassu (Rheims, 2010)",20,True,7884359
Paspalum repens P.J.Bergius,20,True,2705655
"Pseudorphe pyrex (Evans, 1955)",0,False,sem_match_taxonomico
"Tinamus solitarius (Vieillot, 1819)",20,True,2477627
Waltheria indica L.,20,True,5406665
"Leposoma scincoides Spix, 1825",20,True,5222293
Leandra longicoma Cogn.,20,True,3863592
"Chrysesthes tripunctata (Fabricius, 1787)",20,True,9324093
Baccharis spicata (Lam.) Baill.,20,True,8205774
"Nhandu coloratovillosus (Schmidt, 1998)",20,True,2154001
Lippia alba (Mill.) N.E.Br. ex Britton & P.Wilson,20,True,2925385
Octomeria montana Barb.Rodr.,0,False,2817010
Andropogon durifolius Renvoize,20,True,4150004
"Tangara desmaresti (Vieillot, 1819)",20,True,2488136
"Leptodactylus knudseni Heyer, 1972",20,True,5217601
"Gnathoclita (Gnathoclita) vorax (Stoll, 1813)",20,True,1695203
"Tinamus major (Gmelin, 1789)",20,True,2477630
Aechmea costantinii (Mez) L.B.Sm.,20,True,5949850
Lupinus gibertianus C.P.Sm.,20,True,2964329
"Fuga fluminensis (Piza, 1965)",15,True,7520360
Ossaea fragilis Cogn.,20,True,3863562
"Pseudoboa nigra (Duméril, Bibron & Duméril, 1854)",20,True,5223056
"Polybetes rapidus (Keyserling, 1880)",20,True,2161949
Siphocampylus sevegnaniae Funez & Hassemer,11,True,9257849
Urochloa ruziziensis (R.Germ. & Evrard) Crins,20,True,2705863
Croton pycnocephalus Müll.Arg.,18,True,7973088
Neoregelia johannis (Carrière) L.B.Sm.,20,True,2694123
Lytoneuron lomariaceum (Kunze ex Klotzsch) Yesilyurt,20,True,8028738
"Boana bischoffi (Boulenger, 1887)",20,True,10711141
"Niphograpta albiguttalis (Warren, 1889)",20,True,8876855
"Siphlophis compressus (Daudin, 1803)",20,True,5959405
Sida vallsii Krapov.,11,True,5617154
Paspalum compressifolium Swallen,20,True,4113367
Mollinedia gilgiana Perkins,20,True,3782676
"Thracides cleanthes (Latreille, 1824)",20,True,1946934
"Astylus (Astylus) subgriseus Pic, 1902",0,False,sem_match_taxonomico
"Zagreus bimaculosus Mulsant, 1850",20,True,6993734
"Micrathyria atra (Martin, 1897)",20,True,1427660
"Tolype medialis (Jones, 1912)",17,True,5102330
Passiflora cacao Bernacci & M.M.Souza,11,True,7379831
"Milanion hemes (Cramer, 1777)",20,True,1942335
"Pyrisitia leuce (Boisduval, 1836)",20,True,1919945
Adiantum subcordatum Sw.,20,True,7335523
"Sphoeroides greeleyi Gilbert, 1900",20,True,2407839
"Zeunasa confusa Nast, 1951",10,True,7981385
Trichilia quadrijuga Kunth,20,True,7271413
Aspidogyne bruxelii (Pabst) Garay,14,True,2781816
Lepocinclis acus (O.F.Müll.) Marin & Melkonian,20,True,7959863
Setaria viridis (L.) P.Beauv.,20,True,5289684
Acacia mangium Willd.,20,True,2979091
"Aglaoschema viridipenne (Thomson, 1860)",6,True,1142033
Deutzia scabra Thunb.,20,True,2985965
"Adeloneivaia minuta (Bouvier, 1927)",3,True,1865761
"Sternula antillarum Lesson, 1847",20,True,5789285
"Neoxabea brevipes Rehn, 1913",14,True,1720137
"Toxorhynchites (Ankylorhynchus) purpureus (Theobald, 1901)",20,True,1648922
"Octopus americanus Montfort, 1802",0,False,6521620
Phaseolus coccineus L.,20,True,5350466
"Calliscarta fasciata (Osborn, 1929)",20,True,2032808
"Coryphaspiza melanotis (Temminck, 1822)",20,True,2491076
"Alocorhinus succinctus (Fabricius, 1776)",7,True,1227001
"Gonocausta voralis (Schaus, 1920)",20,True,1881764
Syagrus smithii (H.E.Moore) Glassman,20,True,5293874
"Pardirallus sanguinolentus (Swainson, 1838)",20,True,2474715
"Damas clavus (Herrich-Schäffer, 1869)",20,True,1943106
Syngonanthus humboldtii (Kunth) Ruhland,20,True,2689633
Paepalanthus lingulatus (Bong.) Kunth,0,False,5286823
Andropogon ternatus (Spreng.) Nees,20,True,4138667
"Pseudobombax marginatum (A.St.-Hil., Juss. & Cambess.) A.Robyns",20,True,4073674
Caulerpa chemnitzia (Esper) J.V.Lamour.,20,True,2643120
Calliandra haematocephala Hassk.,20,True,2982155
Pityrogramma calomelanos (L.) Link,20,True,2651790
Ravenia infelix Vell.,20,True,5593665
Monilicarpa brasiliana (Banks ex DC.) Cornejo & Iltis,20,True,7950131
"Enyalius catenatus (Wied-Neuwied, 1821)",20,True,8536149
Ayapana amygdalina (Lam.) R.M.King & H.Rob.,20,True,3126538
"Archeuptychia cluena (Drury, 1782)",20,True,1893377
Hymenolobium alagoanum Ducke,20,True,2951898
"Tydides rufus (Serville, 1831)",20,True,7656006
Solanum sycocarpum Mart. & Sendtn.,20,True,2931154
"Carminda griseldis (Weymer, 1911)",20,True,11573394
Bachelotia antillarum (Grunow) Gerloff,20,True,3199421
"Tamandua tetradactyla (Linnaeus, 1758)",20,True,2436340
"Myrmotherula menetriesii (d'Orbigny, 1837)",20,True,2490178
Anemia luetzelburgii Rosenst.,20,True,8132065
Anadenanthera colubrina (Vell.) Brenan,20,True,2952823
Cyclopogon argyrifolius Barb.Rodr.,20,True,2807590
"Tegosa orobia (Hewitson, 1864)",20,True,1917840
Dendrobium nobile Lindl.,20,True,5317489
Mimosa bimucronata (DC.) Kuntze,20,True,9217666
"Naubolus posticatus Simon, 1901",20,True,2170509
Myrcia longisepala B.S.Amorim,0,False,9692137
"Deuterocampta undulata Bechyně, 1950",20,True,4726245
Ipomoea squamisepala O'Donell,20,True,7826525
"Cyclosa longicauda (Taczanowski, 1878)",4,True,2158230
Passiflora vellozoi Gardner,19,True,10797599
"Chelymorpha subpunctata Boheman, 1854",0,False,6275010
"Cladoxerus cryphaleus (Westwood, 1859)",20,True,1413244
"Epicadus rubripes (Mello-Leitão, 1924)",20,True,2165921
Dioscorea pseudomacrocapsa G.M.Barroso et al.,20,True,2755227
"Apocnemidophorus blandus (Pascoe, 1886)",20,True,1208671
"Nymphidium acherois (Boisduval, 1836)",20,True,1934655
"Ancistrogaster arthritica Scudder, 1876",10,True,4392555
Croton stenotrichus Müll.Arg.,20,True,3058182
"Probaenia tessellata Weise, 1905",1,True,6273727
"Holothuria (Theelothuria) princeps Selenka, 1867",20,True,2279178
Conocliniopsis prasiifolia (DC.) R.M.King & H.Rob.,20,True,3098250
Leiothrix distichoclada Herzog,20,True,5286507
Buddleja hatschbachii E.M.Norman & L.B.Sm.,8,True,4055625
Pouteria macahensis T.D.Penn.,20,True,2884714
Zygostates dasyrhiza (Kraenzl.) Schltr.,20,True,2809595
Echinochloa colona (L.) Link,20,True,6431411
"Ectomis (Ectomis) octomaculata (Sepp, 1844)",20,True,12045817
Myrsine venosa A.DC.,20,True,7330899
Bauhinia monandra Kurz,20,True,2953715
"Adeloneivaia apicalis (Bouvier, 1927)",20,True,1865783
Eremanthus uniflorus MacLeish & H.Schumach.,20,True,3133658
"Ectatomma edentatum Roger, 1863",20,True,1314147
Aristolochia melastoma Silva Manso ex Duch.,20,True,3588701
Bomarea edulis (Tussac) Herb.,20,True,2754028
Psidium longipetiolatum D.Legrand,20,True,5420378
Turnera subulata Sm.,20,True,4161154
Alchornea triplinervia (Spreng.) Müll.Arg.,20,True,3055511
Sterculia striata A.St.-Hil. & Naudin,20,True,5547323
Miconia lateriflora Cogn.,20,True,3862739
"Adhemarius gagarini (Zikán, 1935)",20,True,1863725
Piper pubisubmarginalum Yunck.,20,True,7305541
"Persephona punctata (Linnaeus, 1758)",20,True,2221803
Anthurium obtusum (Engl.) Grayum,20,True,2873359
"Vehilius inca (Scudder, 1872)",20,True,1944356
Ocotea calliscypha L.C.S.Assis & Mello-Silva,15,True,7574731
Xyris neglecta L.A.Nilsson,20,True,2693014
Bellucia aequiloba Pilg.,20,True,3866826
Ilex theezans Mart. ex Reissek,20,True,8001877
"Selenops maranhensis (Mello-Leitão, 1918)",9,True,2155463
Miconia tomentosa (Rich.) D.Don,20,True,8335424
"Niconiades nikko Hayward, 1948",20,True,1942455
Cabobanthus polysphaerus (Baker) H.Rob.,20,True,3124394
"Lasaia arsis Staudinger, 1887",0,False,sem_match_taxonomico
Pleroma rubrum J.G.Freitas,12,True,9444926
"Typeschata marginata (Fabricius, 1787)",20,True,2017637
"Thelyphonellus amazonicus (Butler, 1872)",20,True,2127963
Eugenia patrisii Vahl,20,True,5417187
Anathallis ourobranquensis Campacci & Menini,0,False,2782715
"Rhigus faldermanni Boheman, 1840",20,True,1231546
"Phrynops geoffroanus (Schweigger, 1812)",20,True,2442094
Unonopsis aurantiaca Maas & Westra,20,True,3648569
"Chabuata albirenoides Poole, 1989",20,True,1765812
Senna bicapsularis (L.) Roxb.,20,True,2958076
"Chinavia geniculata (Dallas, 1851)",20,True,9532288
Arthrostemma ciliatum Ruiz & Pav.,20,True,7406057
"Eueides aliphera (Godart, 1819)",20,True,9257382
"Neopelma pallescens (Lafresnaye, 1853)",20,True,5230514
"Norape undulata Jones, 1912",13,True,1751677
Mimosa maracayuensis Chodat & Hassl.,20,True,2969239
Lucuma grandiflora A.DC.,5,True,2884601
Cuspidaria floribunda (DC.) A.H.Gentry,20,True,5668649
Piper sprengelianum C.DC.,20,True,4188194
Passiflora trintae Sacco,20,True,3587072
Valeriana eupatoria Sobral,12,True,4095980
"Rollandia rolland (Quoy & Gaimard, 1824)",20,True,5229424
"Enoclerus scenicus (KLUG, 1842)",20,True,1161903
"Aspisoma sticticum (Gemm, 1870)",20,True,8354673
"Eurytides dolicaon Cramer, 1775",20,True,1939336
"Fulica leucoptera Vieillot, 1817",20,True,2474388
Vriesea billbergioides É.Morren ex Mez,20,True,5289148
"Coraliomela brunnea (Thunberg, 1821)",20,True,6274294
"Caligopsis seleucida (Hewitson, 1877)",20,True,9186031
Erythroxylum mucronatum Benth.,20,True,7284878
Adiantopsis trifurcata (Baker) Link-Pérez Hickey,20,True,7746208
"Mahanarva (Mahanarva) rubropicta (Melichar, 1915)",20,True,7497644
Sinningia helioana Chautems & Rossini,2,True,7937946
Senecio crassiflorus (Poir.) DC.,20,True,6064623
"Begonia jaguarensis L.Kollmann, R.S.Lopes & Peixoto",16,True,8909345
Citrus reticulata Blanco,20,True,3190172
"Epiphile hubneri Hewitson, 1861",20,True,1900112
Cheilanthes obducta Mett. ex Kuhn,20,True,3747710
Distimake maragniensis (Choisy) Petrongari & Sim.-Bianch.,20,True,10409006
Salvia microphylla Kunth.,20,True,2927045
Phlegmariurus hexastichus (B.Øllg. & P.G.Windisch) B.Øllg.,20,True,8322360
Manihot violacea Pohl,20,True,3060993
"Bokermannohyla oxente Lugli & Haddad, 2006",7,True,2428057
Campomanesia xanthocarpa (Mart.) O.Berg,20,True,3181064
"Aptolemus rufipes Boheman, 1843",9,True,1210321
Ipomoea blanchetii Choisy,20,True,7324036
"Foetterleia schreineri (Foetterle, 1902)",20,True,10578765
Tradescantia ambigua Mart. ex Schult. & Schult.f.,20,True,2765308
Caryocar villosum (Aubl.) Pers.,20,True,3826009
Hibiscus furcellatus Desr.,20,True,7456481
"Temnoconcha galathaea Lamarck, 1818",19,True,8804042
Borreria poaya (A.St.-Hil.) DC.,20,True,2918193
Encyclia jenischiana (Rchb.f.) Porto & Brade,20,True,2827328
Stenachaenium megapotamicum (Spreng.) Baker,20,True,3115671
"Micrurus altirostris Cope, 1860",20,True,5227038
Macairea stylosa Triana,20,True,3859079
Elaphoglossum glabellum J.Sm.,20,True,2651038
Medicago sativa L.,20,True,9151957
"Triatoma sherlocki Papa, Jurberg, Carcavallo, Cerqueira & Barata, 2002",0,False,9689299
Leandra heteroporata Reginato,3,True,7382805
"Melanophryniscus admirabilis Di-Bernardo, Maneyro & Grillo, 2006",20,True,2422162
Lueheopsis schultesii Cuatrec.,20,True,4260493
"Itasaundersia robusta Townsend, 1927",4,True,1463096
Alsophila cuspidata (Kunze) D.S.Conant,20,True,5529620
Marcetia lanuginosa Wurdack,20,True,5601601
Epidendrum paranaense Barb.Rodr.,20,True,5320826
Amauropelta eriosorus (Fée) Salino & T.E.Almeida,20,True,8461241
Aechmea gracilis Lindm.,20,True,2698310
Aldama trichophylla (Dusén) Magenta,20,True,8195656
"Cephalotes clypeatus (Fabricius, 1804)",20,True,5035927
Drosera villosa A.St.-Hil.,20,True,3190957
Capsicum flexuosum Sendtn.,20,True,7299476
Sinningia cochlearis (Hook.) Chautems,2,True,3818371
"Ctenodon brevipes (Benth.) D.B.O.S.Cardoso, P.L.R.Moraes & H.C.Lima",20,True,10992882
"Linepithema leucomelas (Emery, 1894)",20,True,1316918
"Moneuptychia soter (Butler, 1877)",20,True,1892535
Microlicia sulfurea Hoehne,20,True,3859540
Desmodium leiocarpum (Spreng.) G.Don,20,True,2967927
Bellucia pentamera Naudin,20,True,3866517
Tabernaemontana salzmannii A.DC.,20,True,7316544
"Turdus flavipes Vieillot, 1818",20,True,7342122
"Tacuna delecta G. W. Peckham & E. G. Peckham, 1901",20,True,2176014
Curtia conferta (Mart.) Knobl.,20,True,3839677
"Plectonycha variegata Lacordaire, 1845",20,True,4764670
Ctenium brevispicatum J.G.Sm.,20,True,5678208
"Cyanocorax violaceus Du Bus, 1847",20,True,2482564
"Vanenga mediorosea St Laurent & Herbin, 2017",20,True,8886720
"Stercorarius pomarinus (Temminck, 1815)",20,True,2481609
"Oxyrhopus guibei Hoge & Romano, 1978",20,True,2454986
"Celeus ochraceus (Spix, 1824)",20,True,9185344
"Hoplopyga brasiliensis (Gory & Percheron, 1833)",20,True,1081867
Ibatia ganglinosa (Vell.) Morillo,20,True,7963808
Tripodanthus acutifolius (Ruiz & Pav.) Tiegh.,20,True,4004147
Medinilla magnifica Lindl.,20,True,3188507
"Saturnus reticulata (Plötz, 1883)",11,True,5141955
Syrrhopodon prolifer Schwägr.,20,True,2670298
"Iphiclus (Saccomorphus) quadrisignatus (Duponchel, 1825)",20,True,4571823
"Sicalis luteola (Sparrman, 1789)",20,True,2491846
Oocephalus oppositiflorus (Schrank) Harley & J.F.B.Pastore,20,True,7576391
"Notocyrtus foveatus Stål, 1872",20,True,7623246
"Ceraspis (Ceraspis) bivulnerata (Germar, 1824)",3,True,4991992
Pabstiella ruschii (Hoehne) Luer,0,False,2786428
Chaptalia exscapa (Pers.) Baker,20,True,3090320
Wissadula parviflora (A.St.-Hil.) R.E.Fr.,20,True,7828225
Clidemia biserrata DC.,20,True,3867099
Nicotiana bonariensis Lehm.,20,True,7299745
Passiflora porophylla Vell.,20,True,3588367
"Mnesarete pudica (Hagen in Selys, 1853)",20,True,1427335
"Adenomera hylaedactyla (Cope, 1868)",20,True,2426128
"Pseudupeneus maculatus (Bloch, 1793)",20,True,2396813
Clidemia allardii Wurdack,20,True,3867747
"Todirostrum poliocephalum (Wied, 1831)",20,True,2483259
"Scinax similis (Cochran, 1952)",20,True,5217939
"Periga circumstans Walker, 1855",20,True,1868088
"Tryonia sellowiana (Kuhn) Schuettp., J.Prado & A.T. Cochran",20,True,8694128
"Philohydor lictor (Lichtenstein, 1823)",20,True,2482752
"Patagioenas plumbea (Vieillot, 1818)",20,True,2495314
"Taygetis rufomarginata Staudinger, 1888",20,True,1908210
"Polioptila lactea Sharpe, 1885",20,True,2487594
Hymenachne grumosa (Nees) Zuloaga,20,True,4147679
Bertolonia vitoriana Bacci & Amorim,11,True,10741679
Hatiora cylindrica Britton & Rose,20,True,3946743
Sinningia aggregata (Ker Gawl.) Wiehler,20,True,3818724
Eclipta prostrata (L.) L.,20,True,5384950
Cyclopogon multiflorus Schltr.,10,True,2807734
Buchnera amethystina Cham. & Schltdl.,5,True,7383041
"Calodesma quadrimaculata Hering, 1925",19,True,1815644
Cenchrus echinatus L.,20,True,5289739
"Callionima nomius (Walker, 1856)",20,True,1862033
Zygopetalum maculatum (Kunth) Garay,20,True,2837000
Lejeunea laeta (Lehm. & Lindenb.) Gottsche,20,True,7870719
Specklinia picta (Lindl.) Pridgeon & M.W.Chase,20,True,2835715
Jupunba villosa (Iganci & M.P.Morim) M.V.B.Soares et al.,20,True,11828753
Croton floribundus Spreng.,20,True,3057803
Swartzia macrocarpa Spruce ex Benth.,20,True,5351948
"Symmachia (Symmachia) leena Hewitson, 1870",17,True,5141004
Piptocarpha quadrangularis (Vell.) Baker,20,True,5406614
Eclipta elliptica DC.,20,True,5384947
"Cryptognatha amabilis Gorham, 1899",20,True,1043701
Rostranthera tetraptera (Cogn.) M.J.R.Rocha & P.J.F.Guim.,20,True,9672660
"Emertonella taczanowskii (Keyserling, 1886)",11,True,2157981
"Phoebis philea (Linnaeus, 1763)",20,True,1919646
"Calospila parthaon (Dalman, 1823)",20,True,9499799
"Enigmogramma admonens Walker, 1858",15,True,11900703
Aechmea aquilega (Salisb.) Griseb.,20,True,2698421
Oxalis kuhlmannii Lourteig,20,True,7318005
Vellozia brachypoda L.B.Sm. & Ayensu,20,True,2863609
Campomanesia guaviroba (DC.) Kiaersk.,20,True,3180919
Senecio langei Malme,20,True,3108411
Marcetia nervulosa Markgr.,20,True,5601587
"Potnia diringshofeni Creão-Duarte & Sakakibara, 1997",20,True,2024577
"Aplastodiscus cavicola (Cruz & Peixoto, 1985)",13,True,2427363
Begonia lossiae L.Kollmann,10,True,4156720
Miconia puberula Cogn.,20,True,3870168
"Aechmea vallerandii (Carrière) Erhardt, Götz & Seybold",20,True,2697900
Thalia geniculata L.,20,True,5303044
"Camarana flavipalpi Soares, 1945",20,True,6903366
Dipteryx magnifica (Ducke) Ducke,20,True,2947149
Potamogeton pusillus L.,20,True,8351789
"Paraphotina caatingaensis (Meneses & Bravo, 2013)",11,True,9562775
"Epilachna cacica (Guérin-Méneville, 1844)",20,True,11524072
Sloanea sinemariensis Aubl.,20,True,7467979
"Cistudinella rufitarsis Spaeth, 1905",2,True,6275217
"Prochoerodes tetragonata (Guenée, 1858)",20,True,10398792
Averrhoidium gardnerianum Baill.,20,True,3788266
"Deuterocampta achardi Bechyně, 1944",20,True,4726245
Aristida setifolia Kunth,20,True,4123059
Mecardonia procumbens (Mill.) Small,20,True,3172014
